id;numero;condition;score;Coordonnees;Coordonees2;Distance en cm;Coordonnees apres regulation;Coordonnees apres regulation2;distance_apres_regulation;distance_moyenne_volee;distance moyenne pour trois volees
VERIE;1;controle;10;-3.3;0.23;3.31;-1.65;0.11;1.66;2.76;2.74
VERIE;1;controle;9;5.55;-5.26;7.64;2.77;-2.63;3.82;2.76;2.74
VERIE;1;controle;9;6.05;3.99;7.25;3.02;2;3.62;2.76;2.74
VERIE;1;controle;9;5.41;2.23;5.86;2.71;1.12;2.93;2.76;2.74
VERIE;1;controle;10;1.72;0.1;1.72;0.86;0.05;0.86;2.76;2.74
VERIE;1;controle;9;1.73;-7.12;7.33;0.87;-3.56;3.66;2.76;2.74
VERIE;2;controle;10;-0.2;2.84;2.85;-0.1;1.42;1.43;3.05;2.74
VERIE;2;controle;8;11.72;-0.11;11.73;5.86;-0.05;5.86;3.05;2.74
VERIE;2;controle;8;-8.04;-6.2;10.15;-4.02;-3.1;5.08;3.05;2.74
VERIE;2;controle;9;-3.55;-3.41;4.92;-1.77;-1.7;2.46;3.05;2.74
VERIE;2;controle;10;2.48;2.35;3.41;1.24;1.17;1.71;3.05;2.74
VERIE;2;controle;10;-1.6;-3.13;3.51;-0.8;-1.56;1.76;3.05;2.74
VERIE;3;controle;10;-0.03;-3.7;3.7;-0.01;-1.85;1.85;2.42;2.74
VERIE;3;controle;10;3.32;-2.8;4.35;1.66;-1.4;2.17;2.42;2.74
VERIE;3;controle;9;-1.47;-5.89;6.07;-0.73;-2.95;3.04;2.42;2.74
VERIE;3;controle;9;-2.29;-5.43;5.9;-1.15;-2.72;2.95;2.42;2.74
VERIE;3;controle;9;0.08;-6.25;6.25;0.04;-3.13;3.13;2.42;2.74
VERIE;3;controle;10;-1.49;-2.28;2.72;-0.75;-1.14;1.36;2.42;2.74
VERIE;4;controle;10;-1.62;-1.05;1.93;-0.81;-0.53;0.96;2.44;2.32
VERIE;4;controle;10;2.51;-2.57;3.6;1.26;-1.29;1.8;2.44;2.32
VERIE;4;controle;10;-1.41;-3.23;3.53;-0.71;-1.62;1.76;2.44;2.32
VERIE;4;controle;9;1.24;-6.97;7.08;0.62;-3.49;3.54;2.44;2.32
VERIE;4;controle;9;7.11;-1.16;7.21;3.56;-0.58;3.6;2.44;2.32
VERIE;4;controle;9;5.79;1.01;5.88;2.9;0.51;2.94;2.44;2.32
VERIE;5;controle;10;2.75;-3.42;4.39;1.37;-1.71;2.2;2.38;2.32
VERIE;5;controle;9;5.76;0.92;5.84;2.88;0.46;2.92;2.38;2.32
VERIE;5;controle;10;1.95;3.08;3.64;0.98;1.54;1.82;2.38;2.32
VERIE;5;controle;10;-1.44;3.15;3.46;-0.72;1.57;1.73;2.38;2.32
VERIE;5;controle;9;5.09;4.61;6.87;2.54;2.3;3.43;2.38;2.32
VERIE;5;controle;10;-1.39;4.11;4.34;-0.7;2.05;2.17;2.38;2.32
VERIE;6;controle;9;6.22;1.81;6.48;3.11;0.91;3.24;2.14;2.32
VERIE;6;controle;9;5.46;-2.95;6.21;2.73;-1.48;3.1;2.14;2.32
VERIE;6;controle;10;-2.93;-1.69;3.38;-1.47;-0.84;1.69;2.14;2.32
VERIE;6;controle;10;-2.91;2.03;3.55;-1.46;1.02;1.77;2.14;2.32
VERIE;6;controle;9;-0.17;5.74;5.74;-0.08;2.87;2.87;2.14;2.32
VERIE;6;controle;10;-0.31;0.04;0.31;-0.15;0.02;0.16;2.14;2.32
VERIE;7;controle;10;-0.14;3.29;3.3;-0.07;1.65;1.65;1.43;1.79
VERIE;7;controle;10;-1.94;-1.74;2.61;-0.97;-0.87;1.3;1.43;1.79
VERIE;7;controle;10;0.72;-0.61;0.94;0.36;-0.3;0.47;1.43;1.79
VERIE;7;controle;10;-3.75;1.25;3.95;-1.88;0.63;1.98;1.43;1.79
VERIE;7;controle;10;-1.25;-0.84;1.5;-0.62;-0.42;0.75;1.43;1.79
VERIE;7;controle;9;4;-2.76;4.86;2;-1.38;2.43;1.43;1.79
VERIE;8;controle;10;-0.23;3.42;3.43;-0.12;1.71;1.72;1.6;1.79
VERIE;8;controle;9;3.76;2.37;4.44;1.88;1.19;2.22;1.6;1.79
VERIE;8;controle;10;0.67;1.56;1.7;0.34;0.78;0.85;1.6;1.79
VERIE;8;controle;10;-0.57;4.33;4.37;-0.28;2.17;2.19;1.6;1.79
VERIE;8;controle;10;-0.27;4.36;4.36;-0.14;2.18;2.18;1.6;1.79
VERIE;8;controle;10;0.86;-0.1;0.87;0.43;-0.05;0.43;1.6;1.79
VERIE;9;controle;10;0.62;0.34;0.71;0.31;0.17;0.35;2.33;1.79
VERIE;9;controle;10;0.06;-3.84;3.84;0.03;-1.92;1.92;2.33;1.79
VERIE;9;controle;9;-5.41;1.51;5.61;-2.7;0.75;2.81;2.33;1.79
VERIE;9;controle;8;-11.33;-3.68;11.92;-5.67;-1.84;5.96;2.33;1.79
VERIE;9;controle;10;-1.48;-0.7;1.64;-0.74;-0.35;0.82;2.33;1.79
VERIE;9;controle;10;-3.73;-2.12;4.29;-1.86;-1.06;2.14;2.33;1.79
VERIE;10;controle;10;-3.5;-2.66;4.39;-1.75;-1.33;2.2;3.04;2.7
VERIE;10;controle;10;-2.77;-2.05;3.45;-1.39;-1.03;1.72;3.04;2.7
VERIE;10;controle;8;-7.55;-4.77;8.93;-3.77;-2.38;4.47;3.04;2.7
VERIE;10;controle;8;-7.76;-4.91;9.18;-3.88;-2.45;4.59;3.04;2.7
VERIE;10;controle;9;-1;-7.07;7.14;-0.5;-3.54;3.57;3.04;2.7
VERIE;10;controle;10;3.1;-1.33;3.37;1.55;-0.67;1.69;3.04;2.7
VERIE;11;controle;10;-2.74;-0.19;2.74;-1.37;-0.09;1.37;2.07;2.7
VERIE;11;controle;9;-2.58;-3.79;4.59;-1.29;-1.9;2.29;2.07;2.7
VERIE;11;controle;10;0.35;-3.28;3.29;0.17;-1.64;1.65;2.07;2.7
VERIE;11;controle;10;3.46;-1.94;3.97;1.73;-0.97;1.98;2.07;2.7
VERIE;11;controle;9;7.08;-3.22;7.78;3.54;-1.61;3.89;2.07;2.7
VERIE;11;controle;10;2.09;1.33;2.48;1.04;0.67;1.24;2.07;2.7
VERIE;12;controle;9;5.12;-2.48;5.69;2.56;-1.24;2.84;2.99;2.7
VERIE;12;controle;9;4.25;3.4;5.44;2.13;1.7;2.72;2.99;2.7
VERIE;12;controle;7;-10.91;-9.34;14.36;-5.46;-4.67;7.18;2.99;2.7
VERIE;12;controle;10;-3.56;-0.11;3.56;-1.78;-0.06;1.78;2.99;2.7
VERIE;12;controle;10;3.67;-2.06;4.21;1.84;-1.03;2.11;2.99;2.7
VERIE;12;controle;10;1.83;1.82;2.58;0.92;0.91;1.29;2.99;2.7
VERIE;1;chewing-gum caféiné;10;3.08;2.47;3.94;1.54;1.23;1.97;2.7;1.89
VERIE;1;chewing-gum caféiné;8;4.53;7.43;8.7;2.27;3.72;4.35;2.7;1.89
VERIE;1;chewing-gum caféiné;9;7.84;-0.82;7.88;3.92;-0.41;3.94;2.7;1.89
VERIE;1;chewing-gum caféiné;10;-1.49;-3.92;4.19;-0.74;-1.96;2.1;2.7;1.89
VERIE;1;chewing-gum caféiné;9;-0.26;5.73;5.74;-0.13;2.87;2.87;2.7;1.89
VERIE;1;chewing-gum caféiné;10;-0.15;1.93;1.94;-0.08;0.97;0.97;2.7;1.89
VERIE;2;chewing-gum caféiné;10;2.41;2.97;3.82;1.2;1.48;1.91;1.39;1.89
VERIE;2;chewing-gum caféiné;10;4.08;0.56;4.12;2.04;0.28;2.06;1.39;1.89
VERIE;2;chewing-gum caféiné;10;-0.45;1.02;1.11;-0.23;0.51;0.56;1.39;1.89
VERIE;2;chewing-gum caféiné;10;1.54;-2.14;2.63;0.77;-1.07;1.32;1.39;1.89
VERIE;2;chewing-gum caféiné;10;1.5;0.2;1.52;0.75;0.1;0.76;1.39;1.89
VERIE;2;chewing-gum caféiné;10;-0.34;-3.41;3.43;-0.17;-1.7;1.71;1.39;1.89
VERIE;3;chewing-gum caféiné;10;-1.02;3.68;3.82;-0.51;1.84;1.91;1.57;1.89
VERIE;3;chewing-gum caféiné;9;5.94;2.76;6.55;2.97;1.38;3.27;1.57;1.89
VERIE;3;chewing-gum caféiné;10;-0.82;-3.39;3.48;-0.41;-1.69;1.74;1.57;1.89
VERIE;3;chewing-gum caféiné;10;0.13;-3.81;3.81;0.06;-1.91;1.91;1.57;1.89
VERIE;3;chewing-gum caféiné;10;-0.07;-0.46;0.47;-0.04;-0.23;0.23;1.57;1.89
VERIE;3;chewing-gum caféiné;10;-0.67;0.24;0.71;-0.34;0.12;0.36;1.57;1.89
VERIE;4;chewing-gum caféiné;9;5.69;-0.03;5.69;2.85;-0.02;2.85;1.85;1.92
VERIE;4;chewing-gum caféiné;10;-1.81;1.98;2.69;-0.91;0.99;1.34;1.85;1.92
VERIE;4;chewing-gum caféiné;9;-4.39;3.64;5.7;-2.2;1.82;2.85;1.85;1.92
VERIE;4;chewing-gum caféiné;10;2.2;1.72;2.79;1.1;0.86;1.4;1.85;1.92
VERIE;4;chewing-gum caféiné;10;1.43;1.81;2.31;0.72;0.91;1.16;1.85;1.92
VERIE;4;chewing-gum caféiné;10;2.2;2.12;3.05;1.1;1.06;1.53;1.85;1.92
VERIE;5;chewing-gum caféiné;10;-0.49;4.25;4.28;-0.24;2.13;2.14;2.32;1.92
VERIE;5;chewing-gum caféiné;9;-3.84;-2.84;4.77;-1.92;-1.42;2.39;2.32;1.92
VERIE;5;chewing-gum caféiné;9;3.1;3.37;4.58;1.55;1.69;2.29;2.32;1.92
VERIE;5;chewing-gum caféiné;9;-4.2;-2.3;4.79;-2.1;-1.15;2.39;2.32;1.92
VERIE;5;chewing-gum caféiné;9;-4.66;-0.58;4.69;-2.33;-0.29;2.35;2.32;1.92
VERIE;5;chewing-gum caféiné;9;4.6;-1.27;4.77;2.3;-0.63;2.38;2.32;1.92
VERIE;6;chewing-gum caféiné;10;-0.13;0.01;0.13;-0.07;0;0.07;1.59;1.92
VERIE;6;chewing-gum caféiné;9;-7.13;-0.36;7.14;-3.57;-0.18;3.57;1.59;1.92
VERIE;6;chewing-gum caféiné;10;-0.84;1.27;1.52;-0.42;0.63;0.76;1.59;1.92
VERIE;6;chewing-gum caféiné;10;-0.08;2.51;2.51;-0.04;1.25;1.25;1.59;1.92
VERIE;6;chewing-gum caféiné;10;2.4;-2.1;3.19;1.2;-1.05;1.6;1.59;1.92
VERIE;6;chewing-gum caféiné;9;4.63;0.07;4.63;2.31;0.04;2.31;1.59;1.92
VERIE;7;chewing-gum caféiné;9;-1.45;-7.84;7.98;-0.73;-3.92;3.99;2.72;2.46
VERIE;7;chewing-gum caféiné;8;-8.65;-0.12;8.65;-4.33;-0.06;4.33;2.72;2.46
VERIE;7;chewing-gum caféiné;10;-0.68;-0.53;0.86;-0.34;-0.27;0.43;2.72;2.46
VERIE;7;chewing-gum caféiné;10;-4.32;0.52;4.35;-2.16;0.26;2.18;2.72;2.46
VERIE;7;chewing-gum caféiné;9;-3.95;-5.94;7.14;-1.98;-2.97;3.57;2.72;2.46
VERIE;7;chewing-gum caféiné;10;-3.52;-0.74;3.6;-1.76;-0.37;1.8;2.72;2.46
VERIE;8;chewing-gum caféiné;9;-1.42;-4.35;4.57;-0.71;-2.17;2.29;2.4;2.46
VERIE;8;chewing-gum caféiné;10;0.02;3.57;3.57;0.01;1.78;1.78;2.4;2.46
VERIE;8;chewing-gum caféiné;10;-0.65;-3.35;3.41;-0.32;-1.68;1.71;2.4;2.46
VERIE;8;chewing-gum caféiné;10;-2.85;1.81;3.38;-1.43;0.9;1.69;2.4;2.46
VERIE;8;chewing-gum caféiné;10;-3.38;1.96;3.9;-1.69;0.98;1.95;2.4;2.46
VERIE;8;chewing-gum caféiné;8;-9.97;0.16;9.97;-4.98;0.08;4.98;2.4;2.46
VERIE;9;chewing-gum caféiné;9;5.21;-1.6;5.45;2.61;-0.8;2.72;2.26;2.46
VERIE;9;chewing-gum caféiné;10;3.18;-0.28;3.19;1.59;-0.14;1.59;2.26;2.46
VERIE;9;chewing-gum caféiné;9;2.75;-4.52;5.29;1.38;-2.26;2.65;2.26;2.46
VERIE;9;chewing-gum caféiné;10;0.05;-2.72;2.72;0.02;-1.36;1.36;2.26;2.46
VERIE;9;chewing-gum caféiné;9;3.26;-4.23;5.34;1.63;-2.12;2.67;2.26;2.46
VERIE;9;chewing-gum caféiné;9;4.61;-2.35;5.17;2.3;-1.18;2.59;2.26;2.46
VERIE;10;chewing-gum caféiné;10;-4.32;0.85;4.4;-2.16;0.42;2.2;1.58;1.96
VERIE;10;chewing-gum caféiné;10;0.02;3.28;3.28;0.01;1.64;1.64;1.58;1.96
VERIE;10;chewing-gum caféiné;10;-4.05;-0.78;4.13;-2.03;-0.39;2.06;1.58;1.96
VERIE;10;chewing-gum caféiné;10;-0.27;0.47;0.54;-0.13;0.23;0.27;1.58;1.96
VERIE;10;chewing-gum caféiné;10;1.89;-2.54;3.17;0.95;-1.27;1.58;1.58;1.96
VERIE;10;chewing-gum caféiné;10;1.9;-2.84;3.41;0.95;-1.42;1.71;1.58;1.96
VERIE;11;chewing-gum caféiné;9;3.45;-3.58;4.97;1.73;-1.79;2.49;2.66;1.96
VERIE;11;chewing-gum caféiné;8;7.27;-5.97;9.4;3.63;-2.98;4.7;2.66;1.96
VERIE;11;chewing-gum caféiné;10;2.03;-2.13;2.94;1.01;-1.07;1.47;2.66;1.96
VERIE;11;chewing-gum caféiné;9;4.73;-0.78;4.79;2.36;-0.39;2.4;2.66;1.96
VERIE;11;chewing-gum caféiné;9;4.18;-5.1;6.59;2.09;-2.55;3.29;2.66;1.96
VERIE;11;chewing-gum caféiné;10;2.25;2.38;3.28;1.12;1.19;1.64;2.66;1.96
VERIE;12;chewing-gum caféiné;9;4.15;-3.53;5.45;2.08;-1.77;2.73;1.63;1.96
VERIE;12;chewing-gum caféiné;10;0.7;0.53;0.88;0.35;0.27;0.44;1.63;1.96
VERIE;12;chewing-gum caféiné;9;-1.24;-4.66;4.82;-0.62;-2.33;2.41;1.63;1.96
VERIE;12;chewing-gum caféiné;10;0.99;3.05;3.21;0.49;1.53;1.6;1.63;1.96
VERIE;12;chewing-gum caféiné;10;-0.57;1.01;1.16;-0.28;0.5;0.58;1.63;1.96
VERIE;12;chewing-gum caféiné;10;2.77;2.96;4.05;1.38;1.48;2.03;1.63;1.96
COUAN;1;chewing-gum caféiné;10;-2.95;2.55;3.9;-1.48;1.27;1.95;2.66;2.02
COUAN;1;chewing-gum caféiné;10;2.91;-2.22;3.66;1.46;-1.11;1.83;2.66;2.02
COUAN;1;chewing-gum caféiné;10;-0.75;-0.2;0.78;-0.38;-0.1;0.39;2.66;2.02
COUAN;1;chewing-gum caféiné;10;-0.2;-3.32;3.32;-0.1;-1.66;1.66;2.66;2.02
COUAN;1;chewing-gum caféiné;10;-0.02;1.45;1.45;-0.01;0.72;0.72;2.66;2.02
COUAN;1;chewing-gum caféiné;6;17.94;-5.52;18.77;8.97;-2.76;9.38;2.66;2.02
COUAN;2;chewing-gum caféiné;10;1.08;3.1;3.28;0.54;1.55;1.64;1.51;2.02
COUAN;2;chewing-gum caféiné;10;1.08;2.18;2.43;0.54;1.09;1.22;1.51;2.02
COUAN;2;chewing-gum caféiné;9;-0.38;4.75;4.76;-0.19;2.37;2.38;1.51;2.02
COUAN;2;chewing-gum caféiné;10;0.35;1.63;1.67;0.17;0.82;0.83;1.51;2.02
COUAN;2;chewing-gum caféiné;10;0.16;1.26;1.28;0.08;0.63;0.64;1.51;2.02
COUAN;2;chewing-gum caféiné;9;2;4.2;4.65;1;2.1;2.32;1.51;2.02
COUAN;3;chewing-gum caféiné;9;-0.57;5.3;5.33;-0.28;2.65;2.66;1.89;2.02
COUAN;3;chewing-gum caféiné;10;0.35;1.26;1.31;0.17;0.63;0.66;1.89;2.02
COUAN;3;chewing-gum caféiné;10;2.91;2;3.53;1.46;1;1.77;1.89;2.02
COUAN;3;chewing-gum caféiné;10;-1.48;-1.3;1.97;-0.74;-0.65;0.99;1.89;2.02
COUAN;3;chewing-gum caféiné;10;-2.77;-1.48;3.14;-1.38;-0.74;1.57;1.89;2.02
COUAN;3;chewing-gum caféiné;9;4.56;-5.88;7.44;2.28;-2.94;3.72;1.89;2.02
COUAN;4;chewing-gum caféiné;10;0.35;-0.75;0.83;0.17;-0.38;0.41;1.73;1.65
COUAN;4;chewing-gum caféiné;10;2.55;-3.13;4.04;1.27;-1.57;2.02;1.73;1.65
COUAN;4;chewing-gum caféiné;10;-1.12;-0.38;1.18;-0.56;-0.19;0.59;1.73;1.65
COUAN;4;chewing-gum caféiné;10;2.55;-2.4;3.5;1.27;-1.2;1.75;1.73;1.65
COUAN;4;chewing-gum caféiné;10;-0.02;-0.75;0.75;-0.01;-0.38;0.38;1.73;1.65
COUAN;4;chewing-gum caféiné;8;10.24;2;10.44;5.12;1;5.22;1.73;1.65
COUAN;5;chewing-gum caféiné;10;2;2.55;3.24;1;1.27;1.62;1.74;1.65
COUAN;5;chewing-gum caféiné;10;2.73;-2.58;3.76;1.37;-1.29;1.88;1.74;1.65
COUAN;5;chewing-gum caféiné;9;-4.42;-2.22;4.94;-2.21;-1.11;2.47;1.74;1.65
COUAN;5;chewing-gum caféiné;9;-5.15;-1.67;5.41;-2.57;-0.83;2.71;1.74;1.65
COUAN;5;chewing-gum caféiné;10;-0.02;-1.67;1.67;-0.01;-0.83;0.83;1.74;1.65
COUAN;5;chewing-gum caféiné;10;0.35;1.81;1.85;0.17;0.91;0.92;1.74;1.65
COUAN;6;chewing-gum caféiné;10;0.71;-0.02;0.71;0.36;-0.01;0.36;1.49;1.65
COUAN;6;chewing-gum caféiné;9;4.56;-1.3;4.74;2.28;-0.65;2.37;1.49;1.65
COUAN;6;chewing-gum caféiné;10;1.26;-0.93;1.57;0.63;-0.47;0.79;1.49;1.65
COUAN;6;chewing-gum caféiné;9;4.75;-0.02;4.75;2.37;-0.01;2.37;1.49;1.65
COUAN;6;chewing-gum caféiné;10;-2.77;-1.85;3.33;-1.38;-0.93;1.66;1.49;1.65
COUAN;6;chewing-gum caféiné;10;2;2;2.82;1;1;1.41;1.49;1.65
COUAN;7;chewing-gum caféiné;8;-8.81;-5.33;10.3;-4.41;-2.67;5.15;3.4;2.37
COUAN;7;chewing-gum caféiné;9;0.9;-4.97;5.05;0.45;-2.48;2.52;3.4;2.37
COUAN;7;chewing-gum caféiné;10;2.18;1.45;2.62;1.09;0.72;1.31;3.4;2.37
COUAN;7;chewing-gum caféiné;10;-3.32;-0.02;3.32;-1.66;-0.01;1.66;3.4;2.37
COUAN;7;chewing-gum caféiné;7;-13.58;-7.71;15.62;-6.79;-3.86;7.81;3.4;2.37
COUAN;7;chewing-gum caféiné;10;0.53;-3.87;3.9;0.27;-1.93;1.95;3.4;2.37
COUAN;8;chewing-gum caféiné;10;-0.02;-3.87;3.87;-0.01;-1.93;1.93;2.11;2.37
COUAN;8;chewing-gum caféiné;10;2;-3.13;3.72;1;-1.57;1.86;2.11;2.37
COUAN;8;chewing-gum caféiné;10;0.71;-0.2;0.74;0.36;-0.1;0.37;2.11;2.37
COUAN;8;chewing-gum caféiné;10;-3.32;-2.95;4.44;-1.66;-1.48;2.22;2.11;2.37
COUAN;8;chewing-gum caféiné;9;4.75;-1.3;4.92;2.37;-0.65;2.46;2.11;2.37
COUAN;8;chewing-gum caféiné;9;5.66;-5.15;7.65;2.83;-2.57;3.83;2.11;2.37
COUAN;9;chewing-gum caféiné;10;2.36;1.26;2.68;1.18;0.63;1.34;1.59;2.37
COUAN;9;chewing-gum caféiné;10;-2.95;1.81;3.46;-1.48;0.91;1.73;1.59;2.37
COUAN;9;chewing-gum caféiné;10;1.08;0.16;1.09;0.54;0.08;0.55;1.59;2.37
COUAN;9;chewing-gum caféiné;9;3.1;-4.6;5.55;1.55;-2.3;2.77;1.59;2.37
COUAN;9;chewing-gum caféiné;10;1.26;0.35;1.31;0.63;0.17;0.66;1.59;2.37
COUAN;9;chewing-gum caféiné;9;-3.87;-3.13;4.98;-1.93;-1.57;2.49;1.59;2.37
COUAN;10;chewing-gum caféiné;10;-2.58;1.08;2.8;-1.29;0.54;1.4;2.07;2.41
COUAN;10;chewing-gum caféiné;9;4.75;-4.23;6.36;2.37;-2.12;3.18;2.07;2.41
COUAN;10;chewing-gum caféiné;10;4.01;1.08;4.16;2.01;0.54;2.08;2.07;2.41
COUAN;10;chewing-gum caféiné;10;0.35;-4.23;4.25;0.17;-2.12;2.12;2.07;2.41
COUAN;10;chewing-gum caféiné;10;3.83;-0.93;3.94;1.91;-0.47;1.97;2.07;2.41
COUAN;10;chewing-gum caféiné;10;-3.32;-0.38;3.34;-1.66;-0.19;1.67;2.07;2.41
COUAN;11;chewing-gum caféiné;6;-16.33;-5.88;17.35;-8.16;-2.94;8.68;3.15;2.41
COUAN;11;chewing-gum caféiné;10;2.55;2.18;3.35;1.27;1.09;1.68;3.15;2.41
COUAN;11;chewing-gum caféiné;9;-5.33;-2.22;5.78;-2.67;-1.11;2.89;3.15;2.41
COUAN;11;chewing-gum caféiné;10;-1.85;-0.57;1.94;-0.93;-0.28;0.97;3.15;2.41
COUAN;11;chewing-gum caféiné;9;4.01;-4.6;6.1;2.01;-2.3;3.05;3.15;2.41
COUAN;11;chewing-gum caféiné;10;2.36;-2.22;3.24;1.18;-1.11;1.62;3.15;2.41
COUAN;12;chewing-gum caféiné;10;-0.2;-2.95;2.96;-0.1;-1.48;1.48;2.01;2.41
COUAN;12;chewing-gum caféiné;10;0.35;2.91;2.93;0.17;1.46;1.47;2.01;2.41
COUAN;12;chewing-gum caféiné;9;4.01;2.55;4.75;2.01;1.27;2.38;2.01;2.41
COUAN;12;chewing-gum caféiné;9;-4.42;2.73;5.19;-2.21;1.37;2.6;2.01;2.41
COUAN;12;chewing-gum caféiné;9;4.01;4.2;5.81;2.01;2.1;2.9;2.01;2.41
COUAN;12;chewing-gum caféiné;10;-2.4;-0.38;2.43;-1.2;-0.19;1.22;2.01;2.41
COUAN;1;controle;9;-1.12;-6.09;6.19;-0.56;-3.04;3.1;2.16;2.49
COUAN;1;controle;9;-2.14;-6.99;7.31;-1.07;-3.5;3.66;2.16;2.49
COUAN;1;controle;10;-1.01;0.46;1.11;-0.5;0.23;0.55;2.16;2.49
COUAN;1;controle;9;-6.43;-3.49;7.31;-3.21;-1.75;3.66;2.16;2.49
COUAN;1;controle;10;-0.56;-0.22;0.6;-0.28;-0.11;0.3;2.16;2.49
COUAN;1;controle;10;2.04;-2.7;3.39;1.02;-1.35;1.69;2.16;2.49
COUAN;2;controle;9;-4.51;-2.93;5.37;-2.25;-1.46;2.69;2.35;2.49
COUAN;2;controle;9;-4.51;1.93;4.9;-2.25;0.96;2.45;2.35;2.49
COUAN;2;controle;10;-1.91;0.12;1.91;-0.96;0.06;0.96;2.35;2.49
COUAN;2;controle;10;-2.14;3.17;3.82;-1.07;1.59;1.91;2.35;2.49
COUAN;2;controle;9;5.2;-3.38;6.2;2.6;-1.69;3.1;2.35;2.49
COUAN;2;controle;9;5.54;-2.14;5.94;2.77;-1.07;2.97;2.35;2.49
COUAN;3;controle;10;1.93;-2.47;3.14;0.96;-1.24;1.57;2.96;2.49
COUAN;3;controle;9;-2.93;-4.39;5.28;-1.46;-2.2;2.64;2.96;2.49
COUAN;3;controle;10;-2.59;1.82;3.16;-1.29;0.91;1.58;2.96;2.49
COUAN;3;controle;9;7.57;2.04;7.84;3.79;1.02;3.92;2.96;2.49
COUAN;3;controle;8;11.53;2.04;11.7;5.76;1.02;5.85;2.96;2.49
COUAN;3;controle;9;3.28;2.83;4.34;1.64;1.42;2.17;2.96;2.49
COUAN;4;controle;10;1.25;0.91;1.55;0.63;0.46;0.77;2.22;2.48
COUAN;4;controle;10;1.48;-1.46;2.08;0.74;-0.73;1.04;2.22;2.48
COUAN;4;controle;8;8.36;1.7;8.54;4.18;0.85;4.27;2.22;2.48
COUAN;4;controle;10;1.36;3.17;3.45;0.68;1.59;1.73;2.22;2.48
COUAN;4;controle;10;1.03;2.15;2.39;0.51;1.08;1.19;2.22;2.48
COUAN;4;controle;8;8.14;2.94;8.65;4.07;1.47;4.33;2.22;2.48
COUAN;5;controle;10;-1.8;-1.57;2.39;-0.9;-0.79;1.19;2.64;2.48
COUAN;5;controle;9;4.86;0.23;4.87;2.43;0.12;2.43;2.64;2.48
COUAN;5;controle;9;6.78;4.3;8.03;3.39;2.15;4.02;2.64;2.48
COUAN;5;controle;9;-3.83;4.64;6.01;-1.91;2.32;3.01;2.64;2.48
COUAN;5;controle;8;4.98;7.12;8.69;2.49;3.56;4.34;2.64;2.48
COUAN;5;controle;10;-0.44;1.59;1.65;-0.22;0.79;0.83;2.64;2.48
COUAN;6;controle;9;-5.07;-2.14;5.5;-2.54;-1.07;2.75;2.58;2.48
COUAN;6;controle;10;1.59;1.03;1.89;0.79;0.51;0.95;2.58;2.48
COUAN;6;controle;9;-4.51;3.4;5.64;-2.25;1.7;2.82;2.58;2.48
COUAN;6;controle;10;-1.35;-2.59;2.92;-0.67;-1.29;1.46;2.58;2.48
COUAN;6;controle;9;-6.99;0.69;7.02;-3.5;0.34;3.51;2.58;2.48
COUAN;6;controle;9;7.8;1.48;7.94;3.9;0.74;3.97;2.58;2.48
COUAN;7;controle;10;-0.78;-4.06;4.13;-0.39;-2.03;2.07;2.3;2.13
COUAN;7;controle;10;-1.91;-1.57;2.47;-0.96;-0.79;1.24;2.3;2.13
COUAN;7;controle;9;2.49;3.85;4.58;1.25;1.92;2.29;2.3;2.13
COUAN;7;controle;10;1.82;-2.02;2.72;0.91;-1.01;1.36;2.3;2.13
COUAN;7;controle;10;0.23;1.82;1.83;0.12;0.91;0.92;2.3;2.13
COUAN;7;controle;8;10.06;6.22;11.82;5.03;3.11;5.91;2.3;2.13
COUAN;8;controle;9;4.53;-2.25;5.05;2.26;-1.12;2.53;1.62;2.13
COUAN;8;controle;9;3.51;-3.04;4.64;1.75;-1.52;2.32;1.62;2.13
COUAN;8;controle;10;-1.23;0.35;1.28;-0.62;0.17;0.64;1.62;2.13
COUAN;8;controle;10;3.17;0.8;3.27;1.59;0.4;1.63;1.62;2.13
COUAN;8;controle;10;1.59;0.8;1.78;0.79;0.4;0.89;1.62;2.13
COUAN;8;controle;10;2.27;2.49;3.37;1.13;1.25;1.68;1.62;2.13
COUAN;9;controle;10;3.17;-2.36;3.95;1.59;-1.18;1.98;2.47;2.13
COUAN;9;controle;10;3.4;-1.57;3.74;1.7;-0.79;1.87;2.47;2.13
COUAN;9;controle;9;3.4;4.41;5.57;1.7;2.21;2.78;2.47;2.13
COUAN;9;controle;10;3.62;-0.22;3.63;1.81;-0.11;1.81;2.47;2.13
COUAN;9;controle;10;-3.15;-1.57;3.52;-1.58;-0.79;1.76;2.47;2.13
COUAN;9;controle;8;-5.75;-7.22;9.23;-2.87;-3.61;4.61;2.47;2.13
COUAN;10;controle;9;-2.02;-4.51;4.94;-1.01;-2.25;2.47;2.64;2.31
COUAN;10;controle;10;0.46;-1.35;1.42;0.23;-0.67;0.71;2.64;2.31
COUAN;10;controle;9;-2.81;7.57;8.08;-1.41;3.79;4.04;2.64;2.31
COUAN;10;controle;9;5.77;1.03;5.86;2.88;0.51;2.93;2.64;2.31
COUAN;10;controle;10;3.51;2.27;4.18;1.75;1.13;2.09;2.64;2.31
COUAN;10;controle;9;6.67;-2.59;7.15;3.34;-1.29;3.58;2.64;2.31
COUAN;11;controle;10;3.4;-0.78;3.48;1.7;-0.39;1.74;1.62;2.31
COUAN;11;controle;10;2.61;2.61;3.69;1.3;1.3;1.84;1.62;2.31
COUAN;11;controle;10;-0.33;0.12;0.35;-0.16;0.06;0.18;1.62;2.31
COUAN;11;controle;9;3.85;5.32;6.56;1.92;2.66;3.28;1.62;2.31
COUAN;11;controle;10;3.06;1.14;3.26;1.53;0.57;1.63;1.62;2.31
COUAN;11;controle;10;0.91;1.93;2.13;0.46;0.96;1.07;1.62;2.31
COUAN;12;controle;9;5.77;3.17;6.58;2.88;1.59;3.29;2.67;2.31
COUAN;12;controle;10;-2.36;3.17;3.95;-1.18;1.59;1.98;2.67;2.31
COUAN;12;controle;9;3.4;3.06;4.57;1.7;1.53;2.28;2.67;2.31
COUAN;12;controle;9;3.96;-2.93;4.92;1.98;-1.46;2.46;2.67;2.31
COUAN;12;controle;9;4.41;4.98;6.65;2.21;2.49;3.33;2.67;2.31
COUAN;12;controle;9;2.94;4.53;5.4;1.47;2.26;2.7;2.67;2.31
MARLO;1;capsule caféinée;10;-0.11;-2.36;2.36;-0.05;-1.18;1.18;2.56;2.51
MARLO;1;capsule caféinée;9;0.01;8.05;8.05;0;4.02;4.02;2.56;2.51
MARLO;1;capsule caféinée;9;-5.02;-0.03;5.02;-2.51;-0.01;2.51;2.56;2.51
MARLO;1;capsule caféinée;10;2.56;-3.07;4;1.28;-1.54;2;2.56;2.51
MARLO;1;capsule caféinée;9;5.16;0.15;5.17;2.58;0.07;2.58;2.56;2.51
MARLO;1;capsule caféinée;9;-2.83;-5.37;6.07;-1.42;-2.68;3.04;2.56;2.51
MARLO;2;capsule caféinée;9;3.11;-4.41;5.4;1.56;-2.21;2.7;2.07;2.51
MARLO;2;capsule caféinée;9;-0.14;-4.78;4.79;-0.07;-2.39;2.39;2.07;2.51
MARLO;2;capsule caféinée;9;-4;5.91;7.13;-2;2.95;3.57;2.07;2.51
MARLO;2;capsule caféinée;9;-0.17;-4.71;4.71;-0.09;-2.35;2.35;2.07;2.51
MARLO;2;capsule caféinée;10;-0.04;2.61;2.61;-0.02;1.3;1.3;2.07;2.51
MARLO;2;capsule caféinée;10;-0.12;0.17;0.21;-0.06;0.09;0.11;2.07;2.51
MARLO;3;capsule caféinée;10;4.2;-0.99;4.32;2.1;-0.5;2.16;2.9;2.51
MARLO;3;capsule caféinée;9;5.11;-5.92;7.82;2.56;-2.96;3.91;2.9;2.51
MARLO;3;capsule caféinée;9;-0.72;-7.91;7.94;-0.36;-3.96;3.97;2.9;2.51
MARLO;3;capsule caféinée;10;1.57;-0.56;1.67;0.78;-0.28;0.83;2.9;2.51
MARLO;3;capsule caféinée;8;-4.22;8.08;9.11;-2.11;4.04;4.56;2.9;2.51
MARLO;3;capsule caféinée;10;-2.7;2.92;3.98;-1.35;1.46;1.99;2.9;2.51
MARLO;4;capsule caféinée;8;-6.11;-7.32;9.53;-3.05;-3.66;4.77;3.55;2.88
MARLO;4;capsule caféinée;7;13.71;0.72;13.73;6.86;0.36;6.86;3.55;2.88
MARLO;4;capsule caféinée;10;-0.63;-0.97;1.15;-0.32;-0.48;0.58;3.55;2.88
MARLO;4;capsule caféinée;9;-7.6;-0.15;7.6;-3.8;-0.08;3.8;3.55;2.88
MARLO;4;capsule caféinée;10;-3.52;0.31;3.54;-1.76;0.16;1.77;3.55;2.88
MARLO;4;capsule caféinée;9;-0.7;6.99;7.03;-0.35;3.5;3.51;3.55;2.88
MARLO;5;capsule caféinée;9;3.74;5.87;6.97;1.87;2.94;3.48;2.07;2.88
MARLO;5;capsule caféinée;10;-0.11;-2.73;2.74;-0.06;-1.37;1.37;2.07;2.88
MARLO;5;capsule caféinée;9;4.31;-5.48;6.98;2.16;-2.74;3.49;2.07;2.88
MARLO;5;capsule caféinée;10;-0.95;2.48;2.66;-0.48;1.24;1.33;2.07;2.88
MARLO;5;capsule caféinée;10;1.64;0.36;1.68;0.82;0.18;0.84;2.07;2.88
MARLO;5;capsule caféinée;10;-3.37;1.87;3.85;-1.68;0.93;1.93;2.07;2.88
MARLO;6;capsule caféinée;7;-10.45;-7.46;12.84;-5.23;-3.73;6.42;3.03;2.88
MARLO;6;capsule caféinée;9;2.38;-5;5.54;1.19;-2.5;2.77;3.02;2.88
MARLO;6;capsule caféinée;10;4.01;1.49;4.28;2.01;0.74;2.14;3.02;2.88
MARLO;6;capsule caféinée;9;-1.55;-5.37;5.59;-0.77;-2.69;2.8;3.02;2.88
MARLO;6;capsule caféinée;10;-2.92;1.28;3.19;-1.46;0.64;1.6;3.02;2.88
MARLO;6;capsule caféinée;9;-0.39;4.82;4.84;-0.2;2.41;2.42;3.02;2.88
MARLO;7;capsule caféinée;10;-3.68;-2.42;4.41;-1.84;-1.21;2.2;3.92;3.61
MARLO;7;capsule caféinée;10;-0.64;-3.8;3.86;-0.32;-1.9;1.93;3.92;3.61
MARLO;7;capsule caféinée;9;6.3;-0.34;6.31;3.15;-0.17;3.15;3.92;3.61
MARLO;7;capsule caféinée;6;15.55;-8.92;17.92;7.77;-4.46;8.96;3.92;3.61
MARLO;7;capsule caféinée;8;8.4;2.83;8.87;4.2;1.41;4.43;3.92;3.61
MARLO;7;capsule caféinée;9;-0.85;-5.65;5.72;-0.42;-2.83;2.86;3.92;3.61
MARLO;8;capsule caféinée;10;1.55;-1.68;2.28;0.77;-0.84;1.14;2.79;3.61
MARLO;8;capsule caféinée;9;-7.28;-2.3;7.64;-3.64;-1.15;3.82;2.78;3.61
MARLO;8;capsule caféinée;8;11.49;0.48;11.5;5.74;0.24;5.75;2.78;3.61
MARLO;8;capsule caféinée;9;-0.11;5.66;5.66;-0.06;2.83;2.83;2.78;3.61
MARLO;8;capsule caféinée;9;5.59;0.96;5.68;2.8;0.48;2.84;2.78;3.61
MARLO;8;capsule caféinée;10;-0.46;0.48;0.67;-0.23;0.24;0.33;2.78;3.61
MARLO;9;capsule caféinée;8;-7.49;-4.41;8.69;-3.75;-2.21;4.35;4.12;3.61
MARLO;9;capsule caféinée;9;-5.49;0.31;5.5;-2.75;0.16;2.75;4.11;3.61
MARLO;9;capsule caféinée;8;-7.85;-5.2;9.42;-3.93;-2.6;4.71;4.11;3.61
MARLO;9;capsule caféinée;10;-1.91;2.5;3.15;-0.96;1.25;1.58;4.11;3.61
MARLO;9;capsule caféinée;9;-5.9;4.5;7.42;-2.95;2.25;3.71;4.11;3.61
MARLO;9;capsule caféinée;7;-14.99;-2.42;15.19;-7.5;-1.21;7.59;4.11;3.61
MARLO;10;capsule caféinée;9;7.06;-3.53;7.89;3.53;-1.76;3.94;3.64;3.73
MARLO;10;capsule caféinée;10;-3.99;-0.73;4.05;-1.99;-0.36;2.03;3.63;3.73
MARLO;10;capsule caféinée;9;-3.86;6.56;7.61;-1.93;3.28;3.81;3.63;3.73
MARLO;10;capsule caféinée;9;-0.01;8.39;8.39;-0.01;4.2;4.2;3.63;3.73
MARLO;10;capsule caféinée;10;-0.46;3.42;3.45;-0.23;1.71;1.73;3.63;3.73
MARLO;10;capsule caféinée;8;11.84;-2.97;12.21;5.92;-1.48;6.1;3.63;3.73
MARLO;11;capsule caféinée;10;-0.16;0.25;0.3;-0.08;0.13;0.15;4.3;3.73
MARLO;11;capsule caféinée;8;-8.99;0.65;9.01;-4.5;0.33;4.51;4.3;3.73
MARLO;11;capsule caféinée;9;3.77;5.1;6.34;1.89;2.55;3.17;4.3;3.73
MARLO;11;capsule caféinée;9;6.55;-0.31;6.56;3.28;-0.15;3.28;4.3;3.73
MARLO;11;capsule caféinée;8;4.68;10.1;11.13;2.34;5.05;5.56;4.3;3.73
MARLO;11;capsule caféinée;6;15.2;-10.1;18.25;7.6;-5.05;9.13;4.3;3.73
MARLO;12;capsule caféinée;9;-0.25;7.16;7.16;-0.13;3.58;3.58;3.27;3.73
MARLO;12;capsule caféinée;10;0.6;-3.45;3.5;0.3;-1.72;1.75;3.27;3.73
MARLO;12;capsule caféinée;10;0.42;-0.18;0.46;0.21;-0.09;0.23;3.27;3.73
MARLO;12;capsule caféinée;9;4.81;-5.33;7.18;2.41;-2.66;3.59;3.27;3.73
MARLO;12;capsule caféinée;6;16.72;-5.5;17.6;8.36;-2.75;8.8;3.27;3.73
MARLO;12;capsule caféinée;10;0.31;3.28;3.29;0.15;1.64;1.65;3.27;3.73
MARLO;1;chewing-gum caféiné;7;5.48;12.68;13.81;2.74;6.34;6.91;3.89;2.89
MARLO;1;chewing-gum caféiné;9;-1.05;5.59;5.69;-0.52;2.8;2.85;3.89;2.89
MARLO;1;chewing-gum caféiné;8;5.84;-6.37;8.64;2.92;-3.18;4.32;3.89;2.89
MARLO;1;chewing-gum caféiné;9;-4.92;-4.83;6.89;-2.46;-2.42;3.45;3.89;2.89
MARLO;1;chewing-gum caféiné;8;4.66;7.33;8.69;2.33;3.67;4.35;3.89;2.89
MARLO;1;chewing-gum caféiné;10;0.99;-2.8;2.97;0.5;-1.4;1.48;3.89;2.89
MARLO;2;chewing-gum caféiné;10;-1.31;2.67;2.98;-0.66;1.34;1.49;2.76;2.89
MARLO;2;chewing-gum caféiné;10;-0.56;2.77;2.82;-0.28;1.38;1.41;2.76;2.89
MARLO;2;chewing-gum caféiné;8;2.28;9.91;10.17;1.14;4.95;5.08;2.76;2.89
MARLO;2;chewing-gum caféiné;10;-0.63;-1.24;1.39;-0.32;-0.62;0.7;2.76;2.89
MARLO;2;chewing-gum caféiné;8;5.45;7.49;9.26;2.73;3.75;4.63;2.76;2.89
MARLO;2;chewing-gum caféiné;9;2.2;6.05;6.44;1.1;3.02;3.22;2.76;2.89
MARLO;3;chewing-gum caféiné;9;-2.65;5.95;6.52;-1.33;2.98;3.26;2.02;2.89
MARLO;3;chewing-gum caféiné;10;-2.55;-1.4;2.91;-1.28;-0.7;1.45;2.02;2.89
MARLO;3;chewing-gum caféiné;9;-0.24;6.5;6.5;-0.12;3.25;3.25;2.02;2.89
MARLO;3;chewing-gum caféiné;9;-1.92;4.26;4.67;-0.96;2.13;2.34;2.02;2.89
MARLO;3;chewing-gum caféiné;10;-0.06;-3.04;3.04;-0.03;-1.52;1.52;2.02;2.89
MARLO;3;chewing-gum caféiné;10;-0.16;-0.59;0.61;-0.08;-0.29;0.3;2.02;2.89
MARLO;4;chewing-gum caféiné;10;-0.27;-3.32;3.33;-0.14;-1.66;1.67;2.39;2.57
MARLO;4;chewing-gum caféiné;9;1.21;-6.88;6.99;0.61;-3.44;3.49;2.39;2.57
MARLO;4;chewing-gum caféiné;10;0.67;-4.08;4.13;0.33;-2.04;2.06;2.39;2.57
MARLO;4;chewing-gum caféiné;10;-3.69;-2.31;4.35;-1.84;-1.15;2.17;2.39;2.57
MARLO;4;chewing-gum caféiné;9;7.15;3.17;7.82;3.57;1.59;3.91;2.39;2.57
MARLO;4;chewing-gum caféiné;10;-1.55;1.28;2.01;-0.77;0.64;1;2.39;2.57
MARLO;5;chewing-gum caféiné;10;-2.65;2.27;3.49;-1.33;1.13;1.75;1.91;2.57
MARLO;5;chewing-gum caféiné;10;-4.11;-1.01;4.23;-2.05;-0.5;2.11;1.91;2.57
MARLO;5;chewing-gum caféiné;10;0.95;3.14;3.28;0.47;1.57;1.64;1.91;2.57
MARLO;5;chewing-gum caféiné;10;1.53;-1.41;2.08;0.76;-0.71;1.04;1.91;2.57
MARLO;5;chewing-gum caféiné;9;0.09;-5.96;5.97;0.05;-2.98;2.98;1.91;2.57
MARLO;5;chewing-gum caféiné;10;1.33;-3.6;3.84;0.67;-1.8;1.92;1.91;2.57
MARLO;6;chewing-gum caféiné;10;1.05;-4.05;4.19;0.53;-2.03;2.09;3.42;2.57
MARLO;6;chewing-gum caféiné;10;3.69;1.56;4;1.84;0.78;2;3.42;2.57
MARLO;6;chewing-gum caféiné;8;4.93;7.71;9.15;2.47;3.85;4.58;3.42;2.57
MARLO;6;chewing-gum caféiné;8;-8.76;-2.14;9.01;-4.38;-1.07;4.51;3.42;2.57
MARLO;6;chewing-gum caféiné;9;7.6;0.95;7.66;3.8;0.47;3.83;3.42;2.57
MARLO;6;chewing-gum caféiné;9;4.3;5.61;7.07;2.15;2.81;3.53;3.42;2.57
MARLO;7;chewing-gum caféiné;0;-22.74;-1.41;22.79;-11.37;-0.71;11.39;3.63;2.91
MARLO;7;chewing-gum caféiné;10;1.65;3.23;3.63;0.83;1.62;1.81;3.63;2.91
MARLO;7;chewing-gum caféiné;8;-0.95;10.21;10.25;-0.48;5.1;5.13;3.63;2.91
MARLO;7;chewing-gum caféiné;9;4.3;-1.97;4.73;2.15;-0.99;2.36;3.63;2.91
MARLO;7;chewing-gum caféiné;10;0.2;1.8;1.81;0.1;0.9;0.91;3.63;2.91
MARLO;7;chewing-gum caféiné;10;-0.03;-0.37;0.37;-0.01;-0.19;0.19;3.63;2.91
MARLO;8;chewing-gum caféiné;9;-1.79;-4.75;5.08;-0.9;-2.38;2.54;2.7;2.91
MARLO;8;chewing-gum caféiné;8;2.83;8.41;8.88;1.41;4.21;4.44;2.7;2.91
MARLO;8;chewing-gum caféiné;10;0.55;2.08;2.15;0.27;1.04;1.08;2.7;2.91
MARLO;8;chewing-gum caféiné;9;4.07;-5.44;6.79;2.04;-2.72;3.4;2.7;2.91
MARLO;8;chewing-gum caféiné;8;-0.07;-9.41;9.41;-0.03;-4.71;4.71;2.7;2.91
MARLO;8;chewing-gum caféiné;10;-0.03;-0.12;0.13;-0.01;-0.06;0.06;2.7;2.91
MARLO;9;chewing-gum caféiné;9;-1.07;5.72;5.82;-0.53;2.86;2.91;2.4;2.91
MARLO;9;chewing-gum caféiné;9;-4.55;4.26;6.23;-2.28;2.13;3.12;2.4;2.91
MARLO;9;chewing-gum caféiné;10;3.2;0.03;3.2;1.6;0.02;1.6;2.4;2.91
MARLO;9;chewing-gum caféiné;10;1.41;-2.33;2.72;0.7;-1.16;1.36;2.4;2.91
MARLO;9;chewing-gum caféiné;10;-0.19;-2.73;2.74;-0.09;-1.37;1.37;2.4;2.91
MARLO;9;chewing-gum caféiné;9;5.96;-5.41;8.05;2.98;-2.7;4.02;2.4;2.91
MARLO;10;chewing-gum caféiné;10;-2.04;-2.9;3.55;-1.02;-1.45;1.78;2.38;2.64
MARLO;10;chewing-gum caféiné;10;1.73;-2.28;2.86;0.86;-1.14;1.43;2.38;2.64
MARLO;10;chewing-gum caféiné;9;2.1;6.89;7.2;1.05;3.44;3.6;2.38;2.64
MARLO;10;chewing-gum caféiné;9;-4.22;-4.26;5.99;-2.11;-2.13;3;2.38;2.64
MARLO;10;chewing-gum caféiné;9;-4.35;-3.25;5.43;-2.18;-1.62;2.71;2.38;2.64
MARLO;10;chewing-gum caféiné;10;1.46;3.26;3.58;0.73;1.63;1.79;2.38;2.64
MARLO;11;chewing-gum caféiné;9;-4.48;-3.48;5.67;-2.24;-1.74;2.84;2.37;2.64
MARLO;11;chewing-gum caféiné;10;0.17;4.19;4.19;0.09;2.09;2.1;2.37;2.64
MARLO;11;chewing-gum caféiné;10;-3.48;0.37;3.5;-1.74;0.19;1.75;2.37;2.64
MARLO;11;chewing-gum caféiné;8;3.53;-9.01;9.68;1.76;-4.5;4.84;2.37;2.64
MARLO;11;chewing-gum caféiné;10;2.83;0.75;2.92;1.41;0.37;1.46;2.37;2.64
MARLO;11;chewing-gum caféiné;10;0.9;2.36;2.53;0.45;1.18;1.27;2.37;2.64
MARLO;12;chewing-gum caféiné;9;-1.5;6.23;6.41;-0.75;3.12;3.2;3.17;2.64
MARLO;12;chewing-gum caféiné;9;-7.17;-4.17;8.29;-3.59;-2.08;4.15;3.17;2.64
MARLO;12;chewing-gum caféiné;8;-3.76;-8.42;9.22;-1.88;-4.21;4.61;3.17;2.64
MARLO;12;chewing-gum caféiné;10;-0.81;-2.8;2.91;-0.4;-1.4;1.45;3.17;2.64
MARLO;12;chewing-gum caféiné;9;-4.99;-1.09;5.11;-2.5;-0.54;2.56;3.17;2.64
MARLO;12;chewing-gum caféiné;9;3.47;4.94;6.04;1.74;2.47;3.02;3.17;2.64
SIMAL;1;chewing-gum caféiné;10;-0.76;-1.06;1.31;-0.38;-0.53;0.65;4.00;3.59
SIMAL;1;chewing-gum caféiné;8;1.18;11.66;11.72;0.59;5.83;5.86;4.00;3.59
SIMAL;1;chewing-gum caféiné;10;-3.61;0.13;3.61;-1.8;0.07;1.8;4.00;3.59
SIMAL;1;chewing-gum caféiné;8;1.33;9.41;9.51;0.67;4.71;4.75;4.00;3.59
SIMAL;1;chewing-gum caféiné;7;9.12;-11.24;14.47;4.56;-5.62;7.24;4.00;3.59
SIMAL;1;chewing-gum caféiné;9;0.28;7.32;7.32;0.14;3.66;3.66;4.00;3.59
SIMAL;2;chewing-gum caféiné;8;-7.05;4.92;8.6;-3.52;2.46;4.3;3.6;3.59
SIMAL;2;chewing-gum caféiné;10;2.83;-2.56;3.81;1.41;-1.28;1.91;3.6;3.59
SIMAL;2;chewing-gum caféiné;9;-1.51;7.02;7.18;-0.76;3.51;3.59;3.6;3.59
SIMAL;2;chewing-gum caféiné;8;-8.1;3.58;8.85;-4.05;1.79;4.43;3.6;3.59
SIMAL;2;chewing-gum caféiné;9;5.07;-5.4;7.41;2.54;-2.7;3.71;3.6;3.59
SIMAL;2;chewing-gum caféiné;9;5.07;5.37;7.39;2.54;2.69;3.7;3.6;3.59
SIMAL;3;chewing-gum caféiné;8;5.67;-8.1;9.89;2.84;-4.05;4.94;3.18;3.59
SIMAL;3;chewing-gum caféiné;9;5.07;5.52;7.5;2.54;2.76;3.75;3.18;3.59
SIMAL;3;chewing-gum caféiné;10;-1.21;3.28;3.49;-0.61;1.64;1.75;3.18;3.59
SIMAL;3;chewing-gum caféiné;10;-0.46;3.88;3.9;-0.23;1.94;1.95;3.18;3.59
SIMAL;3;chewing-gum caféiné;9;-5.25;3.88;6.53;-2.63;1.94;3.26;3.18;3.59
SIMAL;3;chewing-gum caféiné;9;-4.65;5.07;6.89;-2.33;2.54;3.44;3.18;3.59
SIMAL;4;chewing-gum caféiné;10;0.28;2.08;2.1;0.14;1.04;1.05;3.47;2.83
SIMAL;4;chewing-gum caféiné;10;3.58;2.53;4.38;1.79;1.26;2.19;3.47;2.83
SIMAL;4;chewing-gum caféiné;9;-0.91;5.52;5.6;-0.46;2.76;2.8;3.47;2.83
SIMAL;4;chewing-gum caféiné;6;14.2;-11.39;18.21;7.1;-5.7;9.1;3.47;2.83
SIMAL;4;chewing-gum caféiné;9;5.97;-0.46;5.99;2.99;-0.23;3;3.47;2.83
SIMAL;4;chewing-gum caféiné;9;0.13;-5.4;5.41;0.07;-2.7;2.7;3.47;2.83
SIMAL;5;chewing-gum caféiné;9;-3.16;4.33;5.36;-1.58;2.16;2.68;2.1;2.83
SIMAL;5;chewing-gum caféiné;9;-3.61;5.22;6.35;-1.8;2.61;3.17;2.1;2.83
SIMAL;5;chewing-gum caféiné;8;-0.76;10.01;10.04;-0.38;5.01;5.02;2.1;2.83
SIMAL;5;chewing-gum caféiné;10;0.28;-0.01;0.28;0.14;-0.01;0.14;2.1;2.83
SIMAL;5;chewing-gum caféiné;10;0.13;0.43;0.45;0.07;0.22;0.23;2.1;2.83
SIMAL;5;chewing-gum caféiné;10;-1.66;2.08;2.66;-0.83;1.04;1.33;2.1;2.83
SIMAL;6;chewing-gum caféiné;10;0.88;0.28;0.93;0.44;0.14;0.46;2.93;2.83
SIMAL;6;chewing-gum caféiné;9;-6.15;3.73;7.19;-3.08;1.86;3.6;2.93;2.83
SIMAL;6;chewing-gum caféiné;9;7.17;0.73;7.21;3.58;0.37;3.6;2.93;2.83
SIMAL;6;chewing-gum caféiné;9;5.52;-1.06;5.62;2.76;-0.53;2.81;2.93;2.83
SIMAL;6;chewing-gum caféiné;10;-0.61;0.13;0.63;-0.31;0.07;0.31;2.93;2.83
SIMAL;6;chewing-gum caféiné;7;-4.21;12.86;13.53;-2.1;6.43;6.76;2.93;2.83
SIMAL;7;chewing-gum caféiné;10;2.53;3.28;4.14;1.26;1.64;2.07;3.15;3.29
SIMAL;7;chewing-gum caféiné;9;-5.55;3.88;6.77;-2.78;1.94;3.39;3.15;3.29
SIMAL;7;chewing-gum caféiné;8;0.58;11.96;11.97;0.29;5.98;5.99;3.15;3.29
SIMAL;7;chewing-gum caféiné;9;3.58;-3.16;4.77;1.79;-1.58;2.39;3.15;3.29
SIMAL;7;chewing-gum caféiné;10;-3.46;2.83;4.47;-1.73;1.41;2.23;3.15;3.29
SIMAL;7;chewing-gum caféiné;9;-3.31;4.63;5.69;-1.65;2.31;2.84;3.15;3.29
SIMAL;8;chewing-gum caféiné;10;1.78;2.83;3.34;0.89;1.41;1.67;2.93;3.29
SIMAL;8;chewing-gum caféiné;9;0.28;5.07;5.08;0.14;2.54;2.54;2.93;3.29
SIMAL;8;chewing-gum caféiné;9;-6.6;-3.16;7.32;-3.3;-1.58;3.66;2.93;3.29
SIMAL;8;chewing-gum caféiné;10;3.28;1.03;3.44;1.64;0.52;1.72;2.93;3.29
SIMAL;8;chewing-gum caféiné;8;10.16;0.58;10.18;5.08;0.29;5.09;2.93;3.29
SIMAL;8;chewing-gum caféiné;9;-2.86;5.07;5.82;-1.43;2.54;2.91;2.93;3.29
SIMAL;9;chewing-gum caféiné;10;2.23;-3.91;4.5;1.12;-1.95;2.25;3.79;3.29
SIMAL;9;chewing-gum caféiné;7;-2.26;12.71;12.91;-1.13;6.35;6.45;3.79;3.29
SIMAL;9;chewing-gum caféiné;10;-0.31;-1.96;1.99;-0.16;-0.98;0.99;3.79;3.29
SIMAL;9;chewing-gum caféiné;8;-6.45;7.77;10.1;-3.23;3.88;5.05;3.79;3.29
SIMAL;9;chewing-gum caféiné;9;2.38;3.88;4.55;1.19;1.94;2.27;3.79;3.29
SIMAL;9;chewing-gum caféiné;8;0.88;11.36;11.39;0.44;5.68;5.7;3.79;3.29
SIMAL;10;chewing-gum caféiné;7;7.17;-13.04;14.88;3.58;-6.52;7.44;3.33;3.01
SIMAL;10;chewing-gum caféiné;9;2.83;4.03;4.92;1.41;2.01;2.46;3.33;3.01
SIMAL;10;chewing-gum caféiné;7;-9.89;10.91;14.73;-4.95;5.46;7.36;3.33;3.01
SIMAL;10;chewing-gum caféiné;10;-1.96;-0.01;1.96;-0.98;-0.01;0.98;3.33;3.01
SIMAL;10;chewing-gum caféiné;10;-0.46;0.43;0.64;-0.23;0.22;0.32;3.33;3.01
SIMAL;10;chewing-gum caféiné;10;-1.96;2.08;2.86;-0.98;1.04;1.43;3.33;3.01
SIMAL;11;chewing-gum caféiné;10;0.28;-3.16;3.17;0.14;-1.58;1.59;2.44;3.01
SIMAL;11;chewing-gum caféiné;10;-0.61;-0.91;1.1;-0.31;-0.46;0.55;2.44;3.01
SIMAL;11;chewing-gum caféiné;9;2.68;4.63;5.35;1.34;2.31;2.67;2.44;3.01
SIMAL;11;chewing-gum caféiné;8;9.12;-3.91;9.92;4.56;-1.95;4.96;2.44;3.01
SIMAL;11;chewing-gum caféiné;9;4.77;2.68;5.48;2.39;1.34;2.74;2.44;3.01
SIMAL;11;chewing-gum caféiné;10;4.18;-0.76;4.25;2.09;-0.38;2.12;2.44;3.01
SIMAL;12;chewing-gum caféiné;9;-0.46;5.07;5.1;-0.23;2.54;2.55;3.26;3.01
SIMAL;12;chewing-gum caféiné;8;8.67;2.38;8.99;4.33;1.19;4.49;3.26;3.01
SIMAL;12;chewing-gum caféiné;10;0.13;0.13;0.19;0.07;0.07;0.1;3.26;3.01
SIMAL;12;chewing-gum caféiné;9;-8.1;2.38;8.44;-4.05;1.19;4.22;3.26;3.01
SIMAL;12;chewing-gum caféiné;8;8.82;0.73;8.85;4.41;0.37;4.42;3.26;3.01
SIMAL;12;chewing-gum caféiné;9;6.27;4.18;7.53;3.14;2.09;3.77;3.26;3.01
SIMAL;1;capsule caféinée;10;-0.61;-0.61;0.87;-0.31;-0.31;0.43;3.18;3.4
SIMAL;1;capsule caféinée;9;-6.45;-3.91;7.54;-3.23;-1.95;3.77;3.18;3.4
SIMAL;1;capsule caféinée;9;-1.06;7.32;7.4;-0.53;3.66;3.7;3.18;3.4
SIMAL;1;capsule caféinée;8;8.22;3.13;8.79;4.11;1.56;4.4;3.18;3.4
SIMAL;1;capsule caféinée;9;5.22;-3.16;6.1;2.61;-1.58;3.05;3.18;3.4
SIMAL;1;capsule caféinée;9;-3.16;6.72;7.43;-1.58;3.36;3.71;3.18;3.4
SIMAL;2;capsule caféinée;8;-9.3;-2.86;9.72;-4.65;-1.43;4.86;4.02;3.4
SIMAL;2;capsule caféinée;8;-9.15;1.18;9.22;-4.57;0.59;4.61;4.02;3.4
SIMAL;2;capsule caféinée;9;-6.9;3.13;7.58;-3.45;1.56;3.79;4.02;3.4
SIMAL;2;capsule caféinée;10;3.73;-1.51;4.02;1.86;-0.76;2.01;4.02;3.4
SIMAL;2;capsule caféinée;8;9.56;-0.31;9.57;4.78;-0.16;4.78;4.02;3.4
SIMAL;2;capsule caféinée;9;-3.01;-7.5;8.08;-1.5;-3.75;4.04;4.02;3.4
SIMAL;3;capsule caféinée;10;0.43;-3.76;3.78;0.22;-1.88;1.89;3.00;3.4
SIMAL;3;capsule caféinée;10;2.83;0.73;2.92;1.41;0.37;1.46;3.00;3.4
SIMAL;3;capsule caféinée;9;2.83;4.18;5.04;1.41;2.09;2.52;3.00;3.4
SIMAL;3;capsule caféinée;9;6.12;-4.36;7.51;3.06;-2.18;3.76;3.00;3.4
SIMAL;3;capsule caféinée;7;14.2;-6.3;15.54;7.1;-3.15;7.77;3.00;3.4
SIMAL;3;capsule caféinée;10;0.13;1.18;1.19;0.07;0.59;0.6;3.00;3.4
SIMAL;4;capsule caféinée;10;1.33;-1.21;1.8;0.67;-0.61;0.9;3.23;2.73
SIMAL;4;capsule caféinée;10;0.28;2.68;2.69;0.14;1.34;1.35;3.23;2.73
SIMAL;4;capsule caféinée;9;1.78;7.17;7.39;0.89;3.58;3.69;3.23;2.73
SIMAL;4;capsule caféinée;10;2.23;2.53;3.37;1.12;1.26;1.69;3.23;2.73
SIMAL;4;capsule caféinée;7;11.96;-10.34;15.81;5.98;-5.17;7.91;3.23;2.73
SIMAL;4;capsule caféinée;9;7.47;1.93;7.71;3.73;0.97;3.86;3.23;2.73
SIMAL;5;capsule caféinée;9;2.08;-5.25;5.65;1.04;-2.63;2.83;2.81;2.73
SIMAL;5;capsule caféinée;9;4.03;-3.31;5.21;2.01;-1.65;2.61;2.81;2.73
SIMAL;5;capsule caféinée;9;-2.26;6.87;7.23;-1.13;3.44;3.62;2.81;2.73
SIMAL;5;capsule caféinée;8;4.77;-8.85;10.05;2.39;-4.42;5.03;2.81;2.73
SIMAL;5;capsule caféinée;10;1.63;0.13;1.64;0.82;0.07;0.82;2.81;2.73
SIMAL;5;capsule caféinée;10;-0.01;-3.91;3.91;-0.01;-1.95;1.95;2.81;2.73
SIMAL;6;capsule caféinée;9;6.27;-3.76;7.31;3.14;-1.88;3.66;2.15;2.73
SIMAL;6;capsule caféinée;10;2.68;2.53;3.68;1.34;1.26;1.84;2.15;2.73
SIMAL;6;capsule caféinée;9;-5.1;5.67;7.63;-2.55;2.84;3.82;2.15;2.73
SIMAL;6;capsule caféinée;10;-3.01;-0.61;3.07;-1.5;-0.31;1.54;2.15;2.73
SIMAL;6;capsule caféinée;10;-1.66;-0.46;1.73;-0.83;-0.23;0.86;2.15;2.73
SIMAL;6;capsule caféinée;10;-1.51;-1.81;2.36;-0.76;-0.91;1.18;2.15;2.73
SIMAL;7;capsule caféinée;8;4.92;-8.85;10.12;2.46;-4.42;5.06;3.19;2.71
SIMAL;7;capsule caféinée;9;5.52;-0.91;5.6;2.76;-0.46;2.8;3.19;2.71
SIMAL;7;capsule caféinée;9;0.73;-5.4;5.45;0.37;-2.7;2.73;3.19;2.71
SIMAL;7;capsule caféinée;8;8.22;2.53;8.6;4.11;1.26;4.3;3.19;2.71
SIMAL;7;capsule caféinée;10;1.18;-3.01;3.23;0.59;-1.5;1.62;3.19;2.71
SIMAL;7;capsule caféinée;9;-2.26;4.77;5.28;-1.13;2.39;2.64;3.19;2.71
SIMAL;8;capsule caféinée;10;2.38;2.68;3.58;1.19;1.34;1.79;2.37;2.71
SIMAL;8;capsule caféinée;9;6.42;0.73;6.46;3.21;0.37;3.23;2.37;2.71
SIMAL;8;capsule caféinée;10;-3.61;0.43;3.63;-1.8;0.22;1.82;2.37;2.71
SIMAL;8;capsule caféinée;8;-4.51;7.62;8.85;-2.25;3.81;4.43;2.37;2.71
SIMAL;8;capsule caféinée;10;-0.31;-0.46;0.56;-0.16;-0.23;0.28;2.37;2.71
SIMAL;8;capsule caféinée;9;5.22;1.18;5.36;2.61;0.59;2.68;2.37;2.71
SIMAL;9;capsule caféinée;10;-3.01;0.88;3.14;-1.5;0.44;1.57;2.58;2.71
SIMAL;9;capsule caféinée;10;1.33;1.78;2.22;0.67;0.89;1.11;2.58;2.71
SIMAL;9;capsule caféinée;8;-0.76;8.97;9;-0.38;4.48;4.5;2.58;2.71
SIMAL;9;capsule caféinée;10;1.33;1.63;2.11;0.67;0.82;1.05;2.58;2.71
SIMAL;9;capsule caféinée;9;5.37;-4.51;7.01;2.69;-2.25;3.51;2.58;2.71
SIMAL;9;capsule caféinée;9;4.03;6.27;7.45;2.01;3.14;3.73;2.58;2.71
SIMAL;10;capsule caféinée;10;3.13;2.23;3.84;1.56;1.12;1.92;2.45;3.56
SIMAL;10;capsule caféinée;10;0.73;3.13;3.21;0.37;1.56;1.61;2.45;3.56
SIMAL;10;capsule caféinée;10;1.03;1.48;1.81;0.52;0.74;0.9;2.45;3.56
SIMAL;10;capsule caféinée;9;-5.55;1.93;5.88;-2.78;0.97;2.94;2.45;3.56
SIMAL;10;capsule caféinée;9;1.63;-5.25;5.5;0.82;-2.63;2.75;2.45;3.56
SIMAL;10;capsule caféinée;8;-2.26;8.82;9.1;-1.13;4.41;4.55;2.45;3.56
SIMAL;11;capsule caféinée;9;3.13;3.73;4.87;1.56;1.86;2.43;3.34;3.56
SIMAL;11;capsule caféinée;9;-0.61;6.12;6.15;-0.31;3.06;3.08;3.34;3.56
SIMAL;11;capsule caféinée;9;3.43;4.18;5.4;1.71;2.09;2.7;3.34;3.56
SIMAL;11;capsule caféinée;8;-0.16;11.51;11.51;-0.08;5.76;5.76;3.34;3.56
SIMAL;11;capsule caféinée;9;5.97;0.73;6.02;2.99;0.37;3.01;3.34;3.56
SIMAL;11;capsule caféinée;9;1.18;-6;6.12;0.59;-3;3.06;3.34;3.56
SIMAL;12;capsule caféinée;8;3.58;10.16;10.77;1.79;5.08;5.39;4.89;3.56
SIMAL;12;capsule caféinée;8;3.58;10.31;10.92;1.79;5.16;5.46;4.89;3.56
SIMAL;12;capsule caféinée;8;9.27;4.03;10.1;4.63;2.01;5.05;4.89;3.56
SIMAL;12;capsule caféinée;8;6.87;6.42;9.4;3.44;3.21;4.7;4.89;3.56
SIMAL;12;capsule caféinée;10;-1.81;3.58;4.01;-0.91;1.79;2;4.89;3.56
SIMAL;12;capsule caféinée;7;13.46;1.33;13.52;6.73;0.67;6.76;4.89;3.56
FRAAU;1;capsule caféinée;8;3.18;8.3;8.89;1.59;4.15;4.44;4.03;3.37
FRAAU;1;capsule caféinée;8;2.76;8.44;8.88;1.38;4.22;4.44;4.03;3.37
FRAAU;1;capsule caféinée;9;-1.93;4.32;4.73;-0.97;2.16;2.37;4.03;3.37
FRAAU;1;capsule caféinée;9;-5.2;0.34;5.21;-2.6;0.17;2.61;4.03;3.37
FRAAU;1;capsule caféinée;9;5.6;-1.79;5.88;2.8;-0.9;2.94;4.03;3.37
FRAAU;1;capsule caféinée;7;9.15;11.57;14.75;4.58;5.78;7.37;4.03;3.37
FRAAU;2;capsule caféinée;7;9.58;11;14.58;4.79;5.5;7.29;3.34;3.37
FRAAU;2;capsule caféinée;9;2.05;4.04;4.52;1.02;2.02;2.26;3.34;3.37
FRAAU;2;capsule caféinée;10;1.48;-2.36;2.78;0.74;-1.18;1.39;3.34;3.37
FRAAU;2;capsule caféinée;10;-1.65;3.47;3.84;-0.82;1.73;1.92;3.34;3.37
FRAAU;2;capsule caféinée;9;-2.78;7.3;7.82;-1.39;3.65;3.91;3.34;3.37
FRAAU;2;capsule caféinée;9;3.04;5.74;6.5;1.52;2.87;3.25;3.34;3.37
FRAAU;3;capsule caféinée;9;5.03;-6.19;7.98;2.51;-3.1;3.99;2.73;3.37
FRAAU;3;capsule caféinée;9;-2.36;-6.91;7.3;-1.18;-3.45;3.65;2.73;3.37
FRAAU;3;capsule caféinée;10;0.06;-0.37;0.37;0.03;-0.18;0.19;2.73;3.37
FRAAU;3;capsule caféinée;8;6.45;-6.48;9.14;3.23;-3.24;4.57;2.73;3.37
FRAAU;3;capsule caféinée;9;4.04;4.18;5.81;2.02;2.09;2.9;2.73;3.37
FRAAU;3;capsule caféinée;10;-0.23;2.19;2.2;-0.11;1.09;1.1;2.73;3.37
FRAAU;4;capsule caféinée;9;3.89;-3.21;5.05;1.95;-1.61;2.52;3.14;3.38
FRAAU;4;capsule caféinée;10;1.76;1.05;2.05;0.88;0.53;1.03;3.14;3.38
FRAAU;4;capsule caféinée;9;-3.07;-6.34;7.04;-1.53;-3.17;3.52;3.14;3.38
FRAAU;4;capsule caféinée;9;1.05;-8.04;8.11;0.53;-4.02;4.06;3.14;3.38
FRAAU;4;capsule caféinée;8;-7.76;6.45;10.09;-3.88;3.23;5.04;3.14;3.38
FRAAU;4;capsule caféinée;9;-4.06;-3.5;5.36;-2.03;-1.75;2.68;3.14;3.38
FRAAU;5;capsule caféinée;10;3.18;1.19;3.4;1.59;0.6;1.7;3.19;3.38
FRAAU;5;capsule caféinée;9;3.04;-4.06;5.08;1.52;-2.03;2.54;3.19;3.38
FRAAU;5;capsule caféinée;9;4.04;-5.77;7.04;2.02;-2.88;3.52;3.19;3.38
FRAAU;5;capsule caféinée;9;1.19;7.3;7.4;0.6;3.65;3.7;3.19;3.38
FRAAU;5;capsule caféinée;9;-0.09;-6.76;6.76;-0.04;-3.38;3.38;3.19;3.38
FRAAU;5;capsule caféinée;9;-8.47;1.76;8.65;-4.23;0.88;4.32;3.19;3.38
FRAAU;6;capsule caféinée;9;-0.23;-8.33;8.33;-0.11;-4.16;4.16;3.8;3.38
FRAAU;6;capsule caféinée;10;-2.22;-3.35;4.02;-1.11;-1.68;2.01;3.8;3.38
FRAAU;6;capsule caféinée;10;-3.21;-0.23;3.22;-1.61;-0.11;1.61;3.8;3.38
FRAAU;6;capsule caféinée;10;1.19;1.48;1.9;0.6;0.74;0.95;3.8;3.38
FRAAU;6;capsule caféinée;8;-6.19;-9.46;11.31;-3.1;-4.73;5.66;3.8;3.38
FRAAU;6;capsule caféinée;6;10.43;-13.16;16.79;5.21;-6.58;8.39;3.8;3.38
FRAAU;7;capsule caféinée;10;3.89;0.2;3.9;1.95;0.1;1.95;2.2;2.86
FRAAU;7;capsule caféinée;10;1.9;0.06;1.9;0.95;0.03;0.95;2.2;2.86
FRAAU;7;capsule caféinée;10;-2.78;-0.23;2.79;-1.39;-0.11;1.4;2.2;2.86
FRAAU;7;capsule caféinée;10;1.9;2.33;3.01;0.95;1.17;1.5;2.2;2.86
FRAAU;7;capsule caféinée;10;-3.78;1.19;3.96;-1.89;0.6;1.98;2.2;2.86
FRAAU;7;capsule caféinée;8;-1.51;10.71;10.82;-0.75;5.36;5.41;2.2;2.86
FRAAU;8;capsule caféinée;8;7.02;5.17;8.72;3.51;2.59;4.36;3.34;2.86
FRAAU;8;capsule caféinée;9;-0.8;-7.19;7.23;-0.4;-3.59;3.62;3.34;2.86
FRAAU;8;capsule caféinée;9;-1.08;5.88;5.98;-0.54;2.94;2.99;3.34;2.86
FRAAU;8;capsule caféinée;9;-3.78;4.04;5.53;-1.89;2.02;2.76;3.34;2.86
FRAAU;8;capsule caféinée;9;-7.62;2.19;7.92;-3.81;1.09;3.96;3.34;2.86
FRAAU;8;capsule caféinée;9;-1.93;4.32;4.73;-0.97;2.16;2.37;3.34;2.86
FRAAU;9;capsule caféinée;10;-3.07;1.62;3.47;-1.53;0.81;1.74;3.03;2.86
FRAAU;9;capsule caféinée;9;3.89;-5.06;6.38;1.95;-2.53;3.19;3.03;2.86
FRAAU;9;capsule caféinée;8;7.87;-7.33;10.76;3.94;-3.67;5.38;3.03;2.86
FRAAU;9;capsule caféinée;9;6.45;1.05;6.54;3.23;0.53;3.27;3.03;2.86
FRAAU;9;capsule caféinée;9;-4.77;2.19;5.25;-2.39;1.09;2.63;3.03;2.86
FRAAU;9;capsule caféinée;10;-3.21;2.33;3.97;-1.61;1.17;1.98;3.03;2.86
FRAAU;10;capsule caféinée;10;2.76;2.76;3.9;1.38;1.38;1.95;2.97;2.73
FRAAU;10;capsule caféinée;7;12.7;4.18;13.37;6.35;2.09;6.69;2.97;2.73
FRAAU;10;capsule caféinée;10;-2.07;0.06;2.08;-1.04;0.03;1.04;2.97;2.73
FRAAU;10;capsule caféinée;10;2.47;1.48;2.88;1.24;0.74;1.44;2.97;2.73
FRAAU;10;capsule caféinée;10;1.9;-2.5;3.14;0.95;-1.25;1.57;2.97;2.73
FRAAU;10;capsule caféinée;8;6.59;7.87;10.27;3.3;3.94;5.13;2.97;2.73
FRAAU;11;capsule caféinée;9;-5.63;3.32;6.54;-2.81;1.66;3.27;2.79;2.73
FRAAU;11;capsule caféinée;10;2.05;-2.78;3.46;1.02;-1.39;1.73;2.79;2.73
FRAAU;11;capsule caféinée;8;-2.36;10;10.28;-1.18;5;5.14;2.79;2.73
FRAAU;11;capsule caféinée;8;4.6;-7.33;8.66;2.3;-3.67;4.33;2.79;2.73
FRAAU;11;capsule caféinée;10;-2.22;2.76;3.54;-1.11;1.38;1.77;2.79;2.73
FRAAU;11;capsule caféinée;10;-0.23;-0.94;0.96;-0.11;-0.47;0.48;2.79;2.73
FRAAU;12;capsule caféinée;9;2.9;3.75;4.74;1.45;1.88;2.37;2.43;2.73
FRAAU;12;capsule caféinée;8;-4.92;-8.61;9.92;-2.46;-4.31;4.96;2.43;2.73
FRAAU;12;capsule caféinée;10;-0.94;0.06;0.94;-0.47;0.03;0.47;2.43;2.73
FRAAU;12;capsule caféinée;9;3.89;3.61;5.31;1.95;1.8;2.65;2.43;2.73
FRAAU;12;capsule caféinée;10;-3.78;1.76;4.17;-1.89;0.88;2.08;2.43;2.73
FRAAU;12;capsule caféinée;10;-2.22;3.47;4.11;-1.11;1.73;2.06;2.43;2.73
FRAAU;1;controle;9;3.75;6.73;7.71;1.88;3.37;3.85;3.52;4.06
FRAAU;1;controle;9;3.61;3.89;5.31;1.8;1.95;2.65;3.52;4.06
FRAAU;1;controle;9;4.32;7.16;8.36;2.16;3.58;4.18;3.52;4.06
FRAAU;1;controle;8;-7.76;8.44;11.46;-3.88;4.22;5.73;3.52;4.06
FRAAU;1;controle;9;-4.63;1.34;4.82;-2.32;0.67;2.41;3.52;4.06
FRAAU;1;controle;9;-2.5;3.89;4.63;-1.25;1.95;2.31;3.52;4.06
FRAAU;2;controle;9;3.89;2.76;4.77;1.95;1.38;2.39;5.2;4.06
FRAAU;2;controle;9;-5.06;-0.23;5.06;-2.53;-0.11;2.53;5.2;4.06
FRAAU;2;controle;0;18.24;22.79;29.19;9.12;11.4;14.6;5.2;4.06
FRAAU;2;controle;7;-3.64;13.84;14.31;-1.82;6.92;7.15;5.2;4.06
FRAAU;2;controle;10;0.06;2.19;2.19;0.03;1.09;1.09;5.2;4.06
FRAAU;2;controle;9;-6.76;0.91;6.82;-3.38;0.45;3.41;5.2;4.06
FRAAU;3;controle;8;5.74;-7.47;9.42;2.87;-3.74;4.71;3.45;4.06
FRAAU;3;controle;9;6.73;1.76;6.96;3.37;0.88;3.48;3.45;4.06
FRAAU;3;controle;9;-7.9;2.61;8.32;-3.95;1.31;4.16;3.45;4.06
FRAAU;3;controle;9;-0.23;6.59;6.6;-0.11;3.3;3.3;3.45;4.06
FRAAU;3;controle;10;-0.23;3.61;3.62;-0.11;1.8;1.81;3.45;4.06
FRAAU;3;controle;9;-0.65;6.45;6.48;-0.33;3.23;3.24;3.45;4.06
FRAAU;4;controle;9;2.19;5.03;5.49;1.09;2.51;2.74;4.99;4
FRAAU;4;controle;6;10.86;-14.01;17.72;5.43;-7;8.86;4.99;4
FRAAU;4;controle;10;0.2;-4.06;4.07;0.1;-2.03;2.03;4.99;4
FRAAU;4;controle;7;8.16;-10.32;13.15;4.08;-5.16;6.58;4.99;4
FRAAU;4;controle;7;13.7;0.34;13.7;6.85;0.17;6.85;4.99;4
FRAAU;4;controle;9;-4.21;-3.92;5.75;-2.1;-1.96;2.88;4.99;4
FRAAU;5;controle;8;6.17;-6.76;9.15;3.08;-3.38;4.58;3.24;4
FRAAU;5;controle;10;-3.64;-0.23;3.64;-1.82;-0.11;1.82;3.24;4
FRAAU;5;controle;8;7.59;5.31;9.26;3.79;2.66;4.63;3.24;4
FRAAU;5;controle;10;2.9;-2.22;3.65;1.45;-1.11;1.82;3.24;4
FRAAU;5;controle;9;-6.48;3.61;7.42;-3.24;1.8;3.71;3.24;4
FRAAU;5;controle;9;-1.79;-5.48;5.77;-0.9;-2.74;2.88;3.24;4
FRAAU;6;controle;7;-14.29;-0.37;14.3;-7.15;-0.18;7.15;3.78;4
FRAAU;6;controle;9;-5.06;-4.21;6.58;-2.53;-2.1;3.29;3.78;4
FRAAU;6;controle;8;6.45;-5.91;8.75;3.23;-2.96;4.37;3.78;4
FRAAU;6;controle;10;1.76;0.2;1.77;0.88;0.1;0.89;3.78;4
FRAAU;6;controle;10;1.76;2.19;2.81;0.88;1.09;1.4;3.78;4
FRAAU;6;controle;8;7.16;8.58;11.18;3.58;4.29;5.59;3.78;4
FRAAU;7;controle;7;4.04;13.27;13.87;2.02;6.64;6.94;4.06;3.01
FRAAU;7;controle;9;-1.22;5.74;5.87;-0.61;2.87;2.93;4.06;3.01
FRAAU;7;controle;10;0.48;4.04;4.06;0.24;2.02;2.03;4.06;3.01
FRAAU;7;controle;10;-1.51;3.75;4.04;-0.75;1.88;2.02;4.06;3.01
FRAAU;7;controle;8;6.88;5.6;8.87;3.44;2.8;4.43;4.06;3.01
FRAAU;7;controle;8;11.99;0.48;12;6;0.24;6;4.06;3.01
FRAAU;8;controle;10;0.63;-2.5;2.58;0.31;-1.25;1.29;2.69;3.01
FRAAU;8;controle;10;2.19;-1.51;2.66;1.09;-0.75;1.33;2.69;3.01
FRAAU;8;controle;9;-3.21;3.61;4.83;-1.61;1.8;2.42;2.69;3.01
FRAAU;8;controle;8;3.04;10.86;11.27;1.52;5.43;5.64;2.69;3.01
FRAAU;8;controle;10;-1.36;3.18;3.46;-0.68;1.59;1.73;2.69;3.01
FRAAU;8;controle;9;5.03;5.46;7.42;2.51;2.73;3.71;2.69;3.01
FRAAU;9;controle;10;-0.23;0.06;0.23;-0.11;0.03;0.12;2.29;3.01
FRAAU;9;controle;9;2.61;-6.34;6.86;1.31;-3.17;3.43;2.29;3.01
FRAAU;9;controle;10;-2.36;-1.93;3.05;-1.18;-0.97;1.52;2.29;3.01
FRAAU;9;controle;9;-5.63;4.04;6.92;-2.81;2.02;3.46;2.29;3.01
FRAAU;9;controle;9;-6.62;2.9;7.23;-3.31;1.45;3.61;2.29;3.01
FRAAU;9;controle;10;-1.36;-2.93;3.23;-0.68;-1.46;1.61;2.29;3.01
FRAAU;10;controle;10;1.34;-2.64;2.96;0.67;-1.32;1.48;2.51;2.56
FRAAU;10;controle;9;-6.05;-0.23;6.06;-3.03;-0.11;3.03;2.51;2.56
FRAAU;10;controle;10;2.47;-1.65;2.97;1.24;-0.82;1.49;2.51;2.56
FRAAU;10;controle;8;-4.49;8.01;9.19;-2.24;4.01;4.59;2.51;2.56
FRAAU;10;controle;9;-0.37;6.02;6.04;-0.18;3.01;3.02;2.51;2.56
FRAAU;10;controle;10;-2.93;-0.09;2.93;-1.46;-0.04;1.46;2.51;2.56
FRAAU;11;controle;9;4.89;3.89;6.25;2.44;1.95;3.12;2.81;2.56
FRAAU;11;controle;10;-0.09;-1.51;1.51;-0.04;-0.75;0.75;2.81;2.56
FRAAU;11;controle;9;5.6;2.19;6.01;2.8;1.09;3.01;2.81;2.56
FRAAU;11;controle;8;-9.61;1.48;9.72;-4.8;0.74;4.86;2.81;2.56
FRAAU;11;controle;10;-0.23;-3.5;3.5;-0.11;-1.75;1.75;2.81;2.56
FRAAU;11;controle;9;-5.91;3.32;6.78;-2.96;1.66;3.39;2.81;2.56
FRAAU;12;controle;10;-0.51;-2.07;2.14;-0.26;-1.04;1.07;2.37;2.56
FRAAU;12;controle;9;2.9;-6.19;6.84;1.45;-3.1;3.42;2.37;2.56
FRAAU;12;controle;10;-3.35;2.47;4.17;-1.68;1.24;2.08;2.37;2.56
FRAAU;12;controle;9;-2.5;7.16;7.59;-1.25;3.58;3.79;2.37;2.56
FRAAU;12;controle;10;-2.36;3.18;3.96;-1.18;1.59;1.98;2.37;2.56
FRAAU;12;controle;10;1.34;3.47;3.72;0.67;1.73;1.86;2.37;2.56
VERIE;1;capsule caféinée;9;815,121;0.25096;8.16;4.08;0.13;4.08;2.66;2.29
VERIE;1;capsule caféinée;10;-132,784;-116,215;1.76;-0.66;-0.58;0.88;2.66;2.29
VERIE;1;capsule caféinée;9;-394,396;-321,297;5.09;-1.97;-1.61;2.54;2.66;2.29
VERIE;1;capsule caféinée;9;0.51187;492,278;4.95;0.26;2.46;2.47;2.66;2.29
VERIE;1;capsule caféinée;9;-15,725;724,189;7.41;-0.79;3.62;3.71;2.66;2.29
VERIE;1;capsule caféinée;9;-345,111;-305,596;4.61;-1.73;-1.53;2.3;2.66;2.29
VERIE;2;capsule caféinée;9;-587,799;110,454;5.98;-2.94;0.55;2.99;2.51;2.29
VERIE;2;capsule caféinée;10;-173,969;290,319;3.38;-0.87;1.45;1.69;2.51;2.29
VERIE;2;capsule caféinée;10;-0.86876;170,392;1.91;-0.43;0.85;0.96;2.51;2.29
VERIE;2;capsule caféinée;8;-688,343;558,173;8.86;-3.44;2.79;4.43;2.51;2.29
VERIE;2;capsule caféinée;9;-413,636;-525,704;6.69;-2.07;-2.63;3.34;2.51;2.29
VERIE;2;capsule caféinée;10;-209,749;-247,874;3.25;-1.05;-1.24;1.62;2.51;2.29
VERIE;3;capsule caféinée;9;-430,514;-527,898;6.81;-2.15;-2.64;3.41;1.69;2.29
VERIE;3;capsule caféinée;10;306,632;-0.07176;3.07;1.53;-0.04;1.53;1.69;2.29
VERIE;3;capsule caféinée;10;122,748;14,423;1.89;0.61;0.72;0.95;1.69;2.29
VERIE;3;capsule caféinée;10;187,224;-256,146;3.17;0.94;-1.28;1.59;1.69;2.29
VERIE;3;capsule caféinée;9;-171,268;491,601;5.21;-0.86;2.46;2.6;1.69;2.29
VERIE;3;capsule caféinée;10;-0.03162;0.09533;0.1;-0.02;0.05;0.05;1.69;2.29
VERIE;4;capsule caféinée;10;33,862;204,318;3.95;1.69;1.02;1.98;2.44;2.07
VERIE;4;capsule caféinée;8;-454,818;729,936;8.6;-2.27;3.65;4.3;2.44;2.07
VERIE;4;capsule caféinée;9;-63,558;331,256;7.17;-3.18;1.66;3.58;2.44;2.07
VERIE;4;capsule caféinée;10;-167,151;-0.86509;1.88;-0.84;-0.43;0.94;2.44;2.07
VERIE;4;capsule caféinée;10;321,405;-204,495;3.81;1.61;-1.02;1.9;2.44;2.07
VERIE;4;capsule caféinée;10;345,878;-17,141;3.86;1.73;-0.86;1.93;2.44;2.07
VERIE;5;capsule caféinée;10;-148,483;305,424;3.4;-0.74;1.53;1.7;1.86;2.07
VERIE;5;capsule caféinée;10;166,799;-386,958;4.21;0.83;-1.93;2.11;1.86;2.07
VERIE;5;capsule caféinée;10;-25,536;-0.15655;2.56;-1.28;-0.08;1.28;1.86;2.07
VERIE;5;capsule caféinée;10;-157,595;-0.69291;1.72;-0.79;-0.35;0.86;1.86;2.07
VERIE;5;capsule caféinée;9;-508,323;-339,696;6.11;-2.54;-1.7;3.06;1.86;2.07
VERIE;5;capsule caféinée;10;-120,802;-417,171;4.34;-0.6;-2.09;2.17;1.86;2.07
VERIE;6;capsule caféinée;10;-378,194;182,377;4.2;-1.89;0.91;2.1;1.91;2.07
VERIE;6;capsule caféinée;10;-0.86596;252,481;2.67;-0.43;1.26;1.33;1.91;2.07
VERIE;6;capsule caféinée;10;-199,453;323,655;3.8;-1;1.62;1.9;1.91;2.07
VERIE;6;capsule caféinée;10;-339,372;195,374;3.92;-1.7;0.98;1.96;1.91;2.07
VERIE;6;capsule caféinée;9;-372,792;283,586;4.68;-1.86;1.42;2.34;1.91;2.07
VERIE;6;capsule caféinée;10;-300,385;-213,101;3.68;-1.5;-1.07;1.84;1.91;2.07
VERIE;7;capsule caféinée;9;-441,056;707,485;8.34;-2.21;3.54;4.17;1.67;2.26
VERIE;7;capsule caféinée;10;-128,736;-0.93282;1.59;-0.64;-0.47;0.79;1.67;2.26
VERIE;7;capsule caféinée;10;-0.13202;-0.03291;0.14;-0.07;-0.02;0.07;1.67;2.26
VERIE;7;capsule caféinée;9;-213,716;406,024;4.59;-1.07;2.03;2.29;1.67;2.26
VERIE;7;capsule caféinée;10;0.4784;22,489;2.3;0.24;1.12;1.15;1.67;2.26
VERIE;7;capsule caféinée;10;0.58612;-307,455;3.13;0.29;-1.54;1.56;1.67;2.26
VERIE;8;capsule caféinée;9;-212,875;558,537;5.98;-1.06;2.79;2.99;2.38;2.26
VERIE;8;capsule caféinée;10;-345,259;174,781;3.87;-1.73;0.87;1.93;2.38;2.26
VERIE;8;capsule caféinée;9;-372,038;-441,169;5.77;-1.86;-2.21;2.89;2.38;2.26
VERIE;8;capsule caféinée;10;-190,799;242,973;3.09;-0.95;1.21;1.54;2.38;2.26
VERIE;8;capsule caféinée;9;-539,548;-28,649;6.11;-2.7;-1.43;3.05;2.38;2.26
VERIE;8;capsule caféinée;10;-370,091;-0.1781;3.71;-1.85;-0.09;1.85;2.38;2.26
VERIE;9;capsule caféinée;10;-19,537;-311,811;3.68;-0.98;-1.56;1.84;2.73;2.26
VERIE;9;capsule caféinée;10;-0.63753;234,364;2.43;-0.32;1.17;1.21;2.73;2.26
VERIE;9;capsule caféinée;10;-276,586;-225,424;3.57;-1.38;-1.13;1.78;2.73;2.26
VERIE;9;capsule caféinée;9;-563,133;-435,512;7.12;-2.82;-2.18;3.56;2.73;2.26
VERIE;9;capsule caféinée;8;-838,288;294,623;8.89;-4.19;1.47;4.44;2.73;2.26
VERIE;9;capsule caféinée;9;-666,977;-221,204;7.03;-3.33;-1.11;3.51;2.73;2.26
VERIE;10;capsule caféinée;9;-397,408;62,491;7.41;-1.99;3.12;3.7;2.65;2.05
VERIE;10;capsule caféinée;8;-391,189;801,336;8.92;-1.96;4.01;4.46;2.65;2.05
VERIE;10;capsule caféinée;10;-3,895;-0.51739;3.93;-1.95;-0.26;1.96;2.65;2.05
VERIE;10;capsule caféinée;9;-315,471;319,875;4.49;-1.58;1.6;2.25;2.65;2.05
VERIE;10;capsule caféinée;10;-215,657;231,495;3.16;-1.08;1.16;1.58;2.65;2.05
VERIE;10;capsule caféinée;10;-369,416;108,239;3.85;-1.85;0.54;1.92;2.65;2.05
VERIE;11;capsule caféinée;10;-325,027;-0.26925;3.26;-1.63;-0.13;1.63;1.47;2.05
VERIE;11;capsule caféinée;10;0.28697;0.26582;0.39;0.14;0.13;0.2;1.47;2.05
VERIE;11;capsule caféinée;10;-274,054;-200,613;3.4;-1.37;-1;1.7;1.47;2.05
VERIE;11;capsule caféinée;9;-567,798;-0.32833;5.69;-2.84;-0.16;2.84;1.47;2.05
VERIE;11;capsule caféinée;10;-159,958;-27,201;3.16;-0.8;-1.36;1.58;1.47;2.05
VERIE;11;capsule caféinée;10;0.62702;-162,604;1.74;0.31;-0.81;0.87;1.47;2.05
VERIE;12;capsule caféinée;10;-176,127;386,817;4.25;-0.88;1.93;2.13;2.05;2.05
VERIE;12;capsule caféinée;10;-270,509;-320,622;4.19;-1.35;-1.6;2.1;2.05;2.05
VERIE;12;capsule caféinée;9;293,049;474,892;5.58;1.47;2.37;2.79;2.05;2.05
VERIE;12;capsule caféinée;10;-0.22402;-297,161;2.98;-0.11;-1.49;1.49;2.05;2.05
VERIE;12;capsule caféinée;10;-0.4136;-0.16346;0.44;-0.21;-0.08;0.22;2.05;2.05
VERIE;12;capsule caféinée;9;-661,913;-264,414;7.13;-3.31;-1.32;3.56;2.05;2.05
FRAAU;1;chewing-gum caféiné;10;-292,697;-136,402;3.23;-1.46;-0.68;1.61;2.77;3.12
FRAAU;1;chewing-gum caféiné;8;872,407;-377,948;9.51;4.36;-1.89;4.75;2.77;3.12
FRAAU;1;chewing-gum caféiné;10;-250,071;289,855;3.83;-1.25;1.45;1.91;2.77;3.12
FRAAU;1;chewing-gum caféiné;9;0.90935;-56,266;5.7;0.45;-2.81;2.85;2.77;3.12
FRAAU;1;chewing-gum caféiné;10;-221,654;0.19892;2.23;-1.11;0.1;1.11;2.77;3.12
FRAAU;1;chewing-gum caféiné;8;218,812;-846,831;8.75;1.09;-4.23;4.37;2.77;3.12
FRAAU;2;chewing-gum caféiné;9;190,395;-718,954;7.44;0.95;-3.59;3.72;2.96;3.12
FRAAU;2;chewing-gum caféiné;9;-235,862;517,192;5.68;-1.18;2.59;2.84;2.96;3.12
FRAAU;2;chewing-gum caféiné;9;701,904;-0.22734;7.02;3.51;-0.11;3.51;2.96;3.12
FRAAU;2;chewing-gum caféiné;9;-448,991;431,941;6.23;-2.24;2.16;3.12;2.96;3.12
FRAAU;2;chewing-gum caféiné;9;-0.93777;-605,286;6.13;-0.47;-3.03;3.06;2.96;3.12
FRAAU;2;chewing-gum caféiné;10;-235,862;-179,028;2.96;-1.18;-0.9;1.48;2.96;3.12
FRAAU;3;chewing-gum caféiné;10;-207,445;-107,985;2.34;-1.04;-0.54;1.17;3.65;3.12
FRAAU;3;chewing-gum caféiné;9;74,453;133,561;7.56;3.72;0.67;3.78;3.65;3.12
FRAAU;3;chewing-gum caféiné;9;488,775;602,444;7.76;2.44;3.01;3.88;3.65;3.12
FRAAU;3;chewing-gum caféiné;7;-1,131,003;886,616;14.37;-5.66;4.43;7.19;3.65;3.12
FRAAU;3;chewing-gum caféiné;9;133,561;829,781;8.4;0.67;4.15;4.2;3.65;3.12
FRAAU;3;chewing-gum caféiné;10;204,604;261,438;3.32;1.02;1.31;1.66;3.65;3.12
FRAAU;4;chewing-gum caféiné;8;-193,237;-86,104;8.82;-0.97;-4.31;4.41;4.32;3.92
FRAAU;4;chewing-gum caféiné;8;858,198;360,898;9.31;4.29;1.8;4.65;4.32;3.92
FRAAU;4;chewing-gum caféiné;9;-633,703;360,898;7.29;-3.17;1.8;3.65;4.32;3.92
FRAAU;4;chewing-gum caféiné;8;-9,605;0.19892;9.61;-4.8;0.1;4.8;4.32;3.92
FRAAU;4;chewing-gum caféiné;10;-207,445;-136,402;2.48;-1.04;-0.68;1.24;4.32;3.92
FRAAU;4;chewing-gum caféiné;7;247,229;1,412,333;14.34;1.24;7.06;7.17;4.32;3.92
FRAAU;5;chewing-gum caféiné;10;304,064;0.34101;3.06;1.52;0.17;1.53;4.17;3.92
FRAAU;5;chewing-gum caféiné;9;119,352;-733,163;7.43;0.6;-3.67;3.71;4.17;3.92
FRAAU;5;chewing-gum caféiné;7;1,398,124;559,818;15.06;6.99;2.8;7.53;4.17;3.92
FRAAU;5;chewing-gum caféiné;9;161,978;74,453;7.62;0.81;3.72;3.81;4.17;3.92
FRAAU;5;chewing-gum caféiné;8;-1,017,334;-66,212;12.14;-5.09;-3.31;6.07;4.17;3.92
FRAAU;5;chewing-gum caféiné;9;133,561;460,358;4.79;0.67;2.3;2.4;4.17;3.92
FRAAU;6;chewing-gum caféiné;9;-136,402;730,321;7.43;-0.68;3.65;3.71;3.25;3.92
FRAAU;6;chewing-gum caféiné;9;460,358;289,855;5.44;2.3;1.45;2.72;3.25;3.92
FRAAU;6;chewing-gum caféiné;10;360,898;0.48309;3.64;1.8;0.24;1.82;3.25;3.92
FRAAU;6;chewing-gum caféiné;8;-946,292;190,395;9.65;-4.73;0.95;4.83;3.25;3.92
FRAAU;6;chewing-gum caféiné;9;-0.36942;716,113;7.17;-0.18;3.58;3.59;3.25;3.92
FRAAU;6;chewing-gum caféiné;9;-26,428;502,984;5.68;-1.32;2.51;2.84;3.25;3.92
FRAAU;7;chewing-gum caféiné;10;-207,445;261,438;3.34;-1.04;1.31;1.67;3.02;3.02
FRAAU;7;chewing-gum caféiné;10;133,561;0.34101;1.38;0.67;0.17;0.69;3.02;3.02
FRAAU;7;chewing-gum caféiné;9;431,941;-548,451;6.98;2.16;-2.74;3.49;3.02;3.02
FRAAU;7;chewing-gum caféiné;8;-917,874;-0.93777;9.23;-4.59;-0.47;4.61;3.02;3.02
FRAAU;7;chewing-gum caféiné;9;54,561;559,818;7.82;2.73;2.8;3.91;3.02;3.02
FRAAU;7;chewing-gum caféiné;9;-420,574;616,652;7.46;-2.1;3.08;3.73;3.02;3.02
FRAAU;8;chewing-gum caféiné;10;-36,374;0.76726;3.72;-1.82;0.38;1.86;3.21;3.02
FRAAU;8;chewing-gum caféiné;9;-576,868;0.48309;5.79;-2.88;0.24;2.89;3.21;3.02
FRAAU;8;chewing-gum caféiné;8;147,769;1,071,327;10.81;0.74;5.36;5.41;3.21;3.02
FRAAU;8;chewing-gum caféiné;9;346,689;-619,494;7.1;1.73;-3.1;3.55;3.21;3.02
FRAAU;8;chewing-gum caféiné;9;-619,494;431,941;7.55;-3.1;2.16;3.78;3.21;3.02
FRAAU;8;chewing-gum caféiné;10;275,646;218,812;3.52;1.38;1.09;1.76;3.21;3.02
FRAAU;9;chewing-gum caféiné;10;-179,028;-179,028;2.53;-0.9;-0.9;1.27;2.84;3.02
FRAAU;9;chewing-gum caféiné;9;659,278;389,315;7.66;3.3;1.95;3.83;2.84;3.02
FRAAU;9;chewing-gum caféiné;10;-406,365;133,561;4.28;-2.03;0.67;2.14;2.84;3.02
FRAAU;9;chewing-gum caféiné;9;801,364;-122,194;8.11;4.01;-0.61;4.05;2.84;3.02
FRAAU;9;chewing-gum caféiné;10;0.90935;-207,445;2.27;0.45;-1.04;1.13;2.84;3.02
FRAAU;9;chewing-gum caféiné;8;-76,158;-520,034;9.22;-3.81;-2.6;4.61;2.84;3.02
FRAAU;10;chewing-gum caféiné;10;0.90935;-292,697;3.06;0.45;-1.46;1.53;2.67;2.98
FRAAU;10;chewing-gum caféiné;9;460,358;-505,826;6.84;2.3;-2.53;3.42;2.67;2.98
FRAAU;10;chewing-gum caféiné;10;161,978;-179,028;2.41;0.81;-0.9;1.21;2.67;2.98
FRAAU;10;chewing-gum caféiné;9;-321,114;-36,374;4.85;-1.61;-1.82;2.43;2.67;2.98
FRAAU;10;chewing-gum caféiné;9;-676,329;-448,991;8.12;-3.38;-2.24;4.06;2.67;2.98
FRAAU;10;chewing-gum caféiné;9;673,487;-0.22734;6.74;3.37;-0.11;3.37;2.67;2.98
FRAAU;11;chewing-gum caféiné;9;431,941;204,604;4.78;2.16;1.02;2.39;2.96;2.98
FRAAU;11;chewing-gum caféiné;8;559,818;801,364;9.78;2.8;4.01;4.89;2.96;2.98
FRAAU;11;chewing-gum caféiné;9;-292,697;-66,212;7.24;-1.46;-3.31;3.62;2.96;2.98
FRAAU;11;chewing-gum caféiné;10;-292,697;0.05683;2.93;-1.46;0.03;1.46;2.96;2.98
FRAAU;11;chewing-gum caféiné;9;659,278;105,144;6.68;3.3;0.53;3.34;2.96;2.98
FRAAU;11;chewing-gum caféiné;10;0.62518;403,524;4.08;0.31;2.02;2.04;2.96;2.98
FRAAU;12;chewing-gum caféiné;9;176,186;-789,997;8.09;0.88;-3.95;4.05;3.32;2.98
FRAAU;12;chewing-gum caféiné;8;-889,457;-107,985;8.96;-4.45;-0.54;4.48;3.32;2.98
FRAAU;12;chewing-gum caféiné;9;-306,905;-36,374;4.76;-1.53;-1.82;2.38;3.32;2.98
FRAAU;12;chewing-gum caféiné;9;318,272;-36,374;4.83;1.59;-1.82;2.42;3.32;2.98
FRAAU;12;chewing-gum caféiné;8;616,652;64,507;8.92;3.08;3.23;4.46;3.32;2.98
FRAAU;12;chewing-gum caféiné;10;-122,194;403,524;4.22;-0.61;2.02;2.11;3.32;2.98
SIMAL;1;controle;8;-749,888;492,441;8.97;-3.75;2.46;4.49;2.11;2.93
SIMAL;1;controle;10;-211,046;-121,239;2.43;-1.06;-0.61;1.22;2.11;2.93
SIMAL;1;controle;10;-25,595;-0.01497;2.56;-1.28;-0.01;1.28;2.11;2.93
SIMAL;1;controle;9;552,313;-570,274;7.94;2.76;-2.85;3.97;2.11;2.93
SIMAL;1;controle;10;0.13471;148,181;1.49;0.07;0.74;0.74;2.11;2.93
SIMAL;1;controle;10;0.13471;193,085;1.94;0.07;0.97;0.97;2.11;2.93
SIMAL;2;controle;10;178,117;267,924;3.22;0.89;1.34;1.61;3.31;2.93
SIMAL;2;controle;9;-39,066;372,699;5.4;-1.95;1.86;2.7;3.31;2.93
SIMAL;2;controle;10;118,246;327,795;3.48;0.59;1.64;1.74;3.31;2.93
SIMAL;2;controle;9;462,506;-645,113;7.94;2.31;-3.23;3.97;3.31;2.93
SIMAL;2;controle;10;-39,066;-0.31432;3.92;-1.95;-0.16;1.96;3.31;2.93
SIMAL;2;controle;7;-121,389;1,001,347;15.74;-6.07;5.01;7.87;3.31;2.93
SIMAL;3;controle;10;402,634;-0.91304;4.13;2.01;-0.46;2.06;3.38;2.93
SIMAL;3;controle;7;-570,274;112,109;12.58;-2.85;5.61;6.29;3.38;2.93
SIMAL;3;controle;9;-615,177;0.43407;6.17;-3.08;0.22;3.08;3.38;2.93
SIMAL;3;controle;10;-0.464;-285,885;2.9;-0.23;-1.43;1.45;3.38;2.93
SIMAL;3;controle;10;0.73342;342,763;3.51;0.37;1.71;1.75;3.38;2.93
SIMAL;3;controle;8;-1,124,083;0.8831;11.28;-5.62;0.44;5.64;3.38;2.93
SIMAL;4;controle;10;-0.61368;-405,628;4.1;-0.31;-2.03;2.05;3.12;3.54
SIMAL;4;controle;9;-809,759;178,117;8.29;-4.05;0.89;4.15;3.12;3.54
SIMAL;4;controle;10;-0.61368;-226,014;2.34;-0.31;-1.13;1.17;3.12;3.54
SIMAL;4;controle;9;-345,757;-555,306;6.54;-1.73;-2.78;3.27;3.12;3.54
SIMAL;4;controle;9;-435,564;417,602;6.03;-2.18;2.09;3.02;3.12;3.54
SIMAL;4;controle;8;103,278;-1,004,341;10.1;0.52;-5.02;5.05;3.12;3.54
SIMAL;5;controle;10;0.43407;0.58374;0.73;0.22;0.29;0.36;3.54;3.54
SIMAL;5;controle;9;-0.61368;687,023;6.9;-0.31;3.44;3.45;3.54;3.54
SIMAL;5;controle;9;-52,537;178,117;5.55;-2.63;0.89;2.77;3.54;3.54
SIMAL;5;controle;8;-0.76336;-1,258,794;12.61;-0.38;-6.29;6.31;3.54;3.54
SIMAL;5;controle;9;0.43407;746,894;7.48;0.22;3.73;3.74;3.54;3.54
SIMAL;5;controle;8;-86,963;29,786;9.19;-4.35;1.49;4.6;3.54;3.54
SIMAL;6;controle;9;342,763;-570,274;6.65;1.71;-2.85;3.33;3.97;3.54
SIMAL;6;controle;10;0.58374;-0.464;0.75;0.29;-0.23;0.37;3.97;3.54
SIMAL;6;controle;7;-121,389;1,016,315;15.83;-6.07;5.08;7.92;3.97;3.54
SIMAL;6;controle;8;-0.76336;-1,094,148;10.97;-0.38;-5.47;5.48;3.97;3.54
SIMAL;6;controle;10;-375,692;0.13471;3.76;-1.88;0.07;1.88;3.97;3.54
SIMAL;6;controle;8;597,216;761,862;9.68;2.99;3.81;4.84;3.97;3.54
SIMAL;7;controle;8;0.58374;-1,228,858;12.3;0.29;-6.14;6.15;3.55;2.99
SIMAL;7;controle;9;-704,984;208,053;7.35;-3.52;1.04;3.68;3.55;2.99
SIMAL;7;controle;8;-510,403;77,683;9.3;-2.55;3.88;4.65;3.55;2.99
SIMAL;7;controle;10;-0.76336;-211,046;2.24;-0.38;-1.06;1.12;3.55;2.99
SIMAL;7;controle;9;-630,145;0.43407;6.32;-3.15;0.22;3.16;3.55;2.99
SIMAL;7;controle;9;282,892;417,602;5.04;1.41;2.09;2.52;3.55;2.99
SIMAL;8;controle;10;-211,046;0.73342;2.23;-1.06;0.37;1.12;2.03;2.99
SIMAL;8;controle;10;-0.01497;252,956;2.53;-0.01;1.26;1.26;2.03;2.99
SIMAL;8;controle;10;163,149;0.73342;1.79;0.82;0.37;0.89;2.03;2.99
SIMAL;8;controle;8;657,087;-570,274;8.7;3.29;-2.85;4.35;2.03;2.99
SIMAL;8;controle;10;-25,595;178,117;3.12;-1.28;0.89;1.56;2.03;2.99
SIMAL;8;controle;9;-405,628;43,257;5.93;-2.03;2.16;2.97;2.03;2.99
SIMAL;9;controle;9;56,728;537,345;7.81;2.84;2.69;3.91;3.4;2.99
SIMAL;9;controle;9;-704,984;-211,046;7.36;-3.52;-1.06;3.68;3.4;2.99
SIMAL;9;controle;10;-151,175;357,731;3.88;-0.76;1.79;1.94;3.4;2.99
SIMAL;9;controle;9;-39,066;342,763;5.2;-1.95;1.71;2.6;3.4;2.99
SIMAL;9;controle;8;-25,595;866,637;9.04;-1.28;4.33;4.52;3.4;2.99
SIMAL;9;controle;9;-300,853;687,023;7.5;-1.5;3.44;3.75;3.4;2.99
SIMAL;10;controle;9;-495,435;-151,175;5.18;-2.48;-0.76;2.59;2.5;2.87
SIMAL;10;controle;8;-375,692;91,154;9.86;-1.88;4.56;4.93;2.5;2.87
SIMAL;10;controle;10;-211,046;0.28439;2.13;-1.06;0.14;1.06;2.5;2.87
SIMAL;10;controle;9;-824,727;0.58374;8.27;-4.12;0.29;4.13;2.5;2.87
SIMAL;10;controle;10;193,085;0.43407;1.98;0.97;0.22;0.99;2.5;2.87
SIMAL;10;controle;10;133,214;-226,014;2.62;0.67;-1.13;1.31;2.5;2.87
SIMAL;11;controle;7;-1,124,083;941,476;14.66;-5.62;4.71;7.33;3.34;2.87
SIMAL;11;controle;10;342,763;-166,143;3.81;1.71;-0.83;1.9;3.34;2.87
SIMAL;11;controle;10;-0.464;-226,014;2.31;-0.23;-1.13;1.15;3.34;2.87
SIMAL;11;controle;9;552,313;372,699;6.66;2.76;1.86;3.33;3.34;2.87
SIMAL;11;controle;8;342,763;821,733;8.9;1.71;4.11;4.45;3.34;2.87
SIMAL;11;controle;10;-345,757;133,214;3.71;-1.73;0.67;1.85;3.34;2.87
SIMAL;12;controle;10;-181,111;-0.16465;1.82;-0.91;-0.08;0.91;2.76;2.87
SIMAL;12;controle;9;-570,274;0.58374;5.73;-2.85;0.29;2.87;2.76;2.87
SIMAL;12;controle;9;-495,435;267,924;5.63;-2.48;1.34;2.82;2.76;2.87
SIMAL;12;controle;9;-555,306;0.13471;5.55;-2.78;0.07;2.78;2.76;2.87
SIMAL;12;controle;9;-420,596;312,827;5.24;-2.1;1.56;2.62;2.76;2.87
SIMAL;12;controle;8;-884,598;-226,014;9.13;-4.42;-1.13;4.57;2.76;2.87
MARLO;1;controle;9;574,111;-0.08268;5.74;2.87;-0.04;2.87;2.58;2.52
MARLO;1;controle;10;23,699;0.55589;2.43;1.18;0.28;1.22;2.58;2.52
MARLO;1;controle;9;607,895;0.68049;6.12;3.04;0.34;3.06;2.58;2.52
MARLO;1;controle;8;924,363;-160,895;9.38;4.62;-0.8;4.69;2.58;2.52
MARLO;1;controle;9;54,464;-322,867;6.33;2.72;-1.61;3.17;2.58;2.52
MARLO;1;controle;10;-0.72817;0.64933;0.98;-0.36;0.32;0.49;2.58;2.52
MARLO;2;controle;10;0.39317;-35,713;3.59;0.2;-1.79;1.8;2.78;2.52
MARLO;2;controle;10;-274,084;-290,158;3.99;-1.37;-1.45;2;2.78;2.52
MARLO;2;controle;10;-257,743;266,253;3.71;-1.29;1.33;1.85;2.78;2.52
MARLO;2;controle;8;1,175,755;-118,842;11.82;5.88;-0.59;5.91;2.78;2.52
MARLO;2;controle;10;-0.87912;-132,862;1.59;-0.44;-0.66;0.8;2.78;2.52
MARLO;2;controle;8;869,542;-0.14497;8.7;4.35;-0.07;4.35;2.78;2.52
MARLO;3;controle;10;-0.06351;-0.95068;0.95;-0.03;-0.48;0.48;2.2;2.52
MARLO;3;controle;9;44,439;-226,717;4.99;2.22;-1.13;2.49;2.2;2.52
MARLO;3;controle;10;-0.53409;-204,503;2.11;-0.27;-1.02;1.06;2.2;2.52
MARLO;3;controle;9;594,196;374,448;7.02;2.97;1.87;3.51;2.2;2.52
MARLO;3;controle;9;-316,493;-56,271;6.46;-1.58;-2.81;3.23;2.2;2.52
MARLO;3;controle;9;306,565;-37,124;4.81;1.53;-1.86;2.41;2.2;2.52
MARLO;4;controle;9;166,546;664,538;6.85;0.83;3.32;3.43;2.7;2.53
MARLO;4;controle;9;317,981;-414,023;5.22;1.59;-2.07;2.61;2.7;2.53
MARLO;4;controle;10;-174,169;413,796;4.49;-0.87;2.07;2.24;2.7;2.53
MARLO;4;controle;9;-0.0453;52,437;5.24;-0.02;2.62;2.62;2.7;2.53
MARLO;4;controle;9;-0.21297;496,336;4.97;-0.11;2.48;2.48;2.7;2.53
MARLO;4;controle;9;-364,654;42,314;5.59;-1.82;2.12;2.79;2.7;2.53
MARLO;5;controle;9;0.08046;-503,937;5.04;0.04;-2.52;2.52;2.47;2.53
MARLO;5;controle;9;334,748;-392,948;5.16;1.67;-1.96;2.58;2.47;2.53
MARLO;5;controle;10;0.24941;-441,231;4.42;0.12;-2.21;2.21;2.47;2.53
MARLO;5;controle;9;478,893;0.66078;4.83;2.39;0.33;2.42;2.47;2.53
MARLO;5;controle;10;123,418;0.86737;1.51;0.62;0.43;0.75;2.47;2.53
MARLO;5;controle;8;868,296;0.25586;8.69;4.34;0.13;4.34;2.47;2.53
MARLO;6;controle;10;-0.56284;-301,063;3.06;-0.28;-1.51;1.53;2.42;2.53
MARLO;6;controle;10;0.1344;108,541;1.09;0.07;0.54;0.55;2.42;2.53
MARLO;6;controle;9;342,655;-382,049;5.13;1.71;-1.91;2.57;2.42;2.53
MARLO;6;controle;9;-464,568;181,738;4.99;-2.32;0.91;2.49;2.42;2.53
MARLO;6;controle;8;785,292;-891,008;11.88;3.93;-4.46;5.94;2.42;2.53
MARLO;6;controle;10;240,834;149,764;2.84;1.2;0.75;1.42;2.42;2.53
MARLO;7;controle;10;0.8604;-322,867;3.34;0.43;-1.61;1.67;2.01;1.67
MARLO;7;controle;10;-0.20727;-269,914;2.71;-0.1;-1.35;1.35;2.01;1.67
MARLO;7;controle;10;-274,802;0.47799;2.79;-1.37;0.24;1.39;2.01;1.67
MARLO;7;controle;9;337,623;-391,393;5.17;1.69;-1.96;2.58;2.01;1.67
MARLO;7;controle;10;223,332;-137,531;2.62;1.12;-0.69;1.31;2.01;1.67
MARLO;7;controle;9;43,445;-608,793;7.48;2.17;-3.04;3.74;2.01;1.67
MARLO;8;controle;9;261,429;-425,657;5;1.31;-2.13;2.5;1.76;1.67
MARLO;8;controle;10;101,854;-344,671;3.59;0.51;-1.72;1.8;1.76;1.67
MARLO;8;controle;8;883,263;143,534;8.95;4.42;0.72;4.47;1.76;1.67
MARLO;8;controle;10;-0.37787;-131,813;1.37;-0.19;-0.66;0.69;1.76;1.67
MARLO;8;controle;10;-0.56561;-0.69101;0.89;-0.28;-0.35;0.45;1.76;1.67
MARLO;8;controle;10;-0.65629;-107,943;1.26;-0.33;-0.54;0.63;1.76;1.67
MARLO;9;controle;10;-0.36877;-0.02038;0.37;-0.18;-0.01;0.18;1.23;1.67
MARLO;9;controle;9;-0.44592;452,318;4.55;-0.22;2.26;2.27;1.23;1.67
MARLO;9;controle;10;-164,106;-250,176;2.99;-0.82;-1.25;1.5;1.23;1.67
MARLO;9;controle;10;0.22785;-0.64335;0.68;0.11;-0.32;0.34;1.23;1.67
MARLO;9;controle;9;251,472;-501,653;5.61;1.26;-2.51;2.81;1.23;1.67
MARLO;9;controle;10;-0.23219;0.57144;0.62;-0.12;0.29;0.31;1.23;1.67
MARLO;10;controle;10;-106,984;-249,761;2.72;-0.53;-1.25;1.36;3.01;2.62
MARLO;10;controle;9;317,496;-341,555;4.66;1.59;-1.71;2.33;3.01;2.62
MARLO;10;controle;10;0.11321;-300,877;3.01;0.06;-1.5;1.51;3.01;2.62
MARLO;10;controle;10;242,256;293,047;3.8;1.21;1.47;1.9;3.01;2.62
MARLO;10;controle;8;-0.67785;-114,051;11.43;-0.34;-5.7;5.71;3.01;2.62
MARLO;10;controle;8;-0.87619;-1,052,149;10.56;-0.44;-5.26;5.28;3.01;2.62
MARLO;11;controle;10;-0.26813;-0.16052;0.31;-0.13;-0.08;0.16;1.89;2.62
MARLO;11;controle;9;308,152;432,485;5.31;1.54;2.16;2.66;1.89;2.62
MARLO;11;controle;10;-0.34028;223,056;2.26;-0.17;1.12;1.13;1.89;2.62
MARLO;11;controle;9;439,018;-205,744;4.85;2.2;-1.03;2.42;1.89;2.62
MARLO;11;controle;9;-315,056;-372,704;4.88;-1.58;-1.86;2.44;1.89;2.62
MARLO;11;controle;9;-294,929;415,351;5.09;-1.47;2.08;2.55;1.89;2.62
MARLO;12;controle;9;0.22976;-812,307;8.13;0.11;-4.06;4.06;2.97;2.62
MARLO;12;controle;10;-0.44783;337,479;3.4;-0.22;1.69;1.7;2.97;2.62
MARLO;12;controle;8;-0.85037;-973,869;9.78;-0.43;-4.87;4.89;2.97;2.62
MARLO;12;controle;9;227,645;-55,025;5.95;1.14;-2.75;2.98;2.97;2.62
MARLO;12;controle;9;-256,832;-508,197;5.69;-1.28;-2.54;2.85;2.97;2.62
MARLO;12;controle;10;-0.10281;262,723;2.63;-0.05;1.31;1.31;2.97;2.62
COUAN;1;capsule caféinée;9;418,652;-428,136;5.99;2.09;-2.14;2.99;2.45;2.27
COUAN;1;capsule caféinée;9;396,071;-631,365;7.45;1.98;-3.16;3.73;2.45;2.27
COUAN;1;capsule caféinée;9;-134,583;-586,203;6.01;-0.67;-2.93;3.01;2.45;2.27
COUAN;1;capsule caféinée;10;-281,359;-360,393;4.57;-1.41;-1.8;2.29;2.45;2.27
COUAN;1;capsule caféinée;10;418,652;-0.44259;4.21;2.09;-0.22;2.1;2.45;2.27
COUAN;1;capsule caféinée;10;0.79937;0.91227;1.21;0.4;0.46;0.61;2.45;2.27
COUAN;2;capsule caféinée;9;-416,845;-281,359;5.03;-2.08;-1.41;2.51;2.26;2.27
COUAN;2;capsule caféinée;10;283,166;-270,069;3.91;1.42;-1.35;1.96;2.26;2.27
COUAN;2;capsule caféinée;9;249,294;-653,946;7;1.25;-3.27;3.5;2.26;2.27
COUAN;2;capsule caféinée;9;441,233;0.23484;4.42;2.21;0.12;2.21;2.26;2.27
COUAN;2;capsule caféinée;10;0.00903;-134,583;1.35;0;-0.67;0.67;2.26;2.27
COUAN;2;capsule caféinée;9;418,652;350,909;5.46;2.09;1.75;2.73;2.26;2.27
COUAN;3;capsule caféinée;10;113,808;-0.7813;1.38;0.57;-0.39;0.69;2.1;2.27
COUAN;3;capsule caféinée;10;-168,454;-134,583;2.16;-0.84;-0.67;1.08;2.1;2.27
COUAN;3;capsule caféinée;10;-0.10387;-382,974;3.83;-0.05;-1.91;1.92;2.1;2.27
COUAN;3;capsule caféinée;10;317,037;0.00903;3.17;1.59;0;1.59;2.1;2.27
COUAN;3;capsule caféinée;9;-0.32968;-812,013;8.13;-0.16;-4.06;4.06;2.1;2.27
COUAN;3;capsule caféinée;9;633,172;-179,745;6.58;3.17;-0.9;3.29;2.1;2.27
COUAN;4;capsule caféinée;10;0.00903;0.79937;0.8;0;0.4;0.4;1.34;1.39
COUAN;4;capsule caféinée;10;0.91227;0.23484;0.94;0.46;0.12;0.47;1.34;1.39
COUAN;4;capsule caféinée;8;0.23484;847,691;8.48;0.12;4.24;4.24;1.34;1.39
COUAN;4;capsule caféinée;10;113,808;-0.21678;1.16;0.57;-0.11;0.58;1.34;1.39
COUAN;4;capsule caféinée;10;-349,102;0.79937;3.58;-1.75;0.4;1.79;1.34;1.39
COUAN;4;capsule caféinée;10;-100,711;-0.55549;1.15;-0.5;-0.28;0.58;1.34;1.39
COUAN;5;capsule caféinée;10;-179,745;-224,907;2.88;-0.9;-1.12;1.44;1.17;1.39
COUAN;5;capsule caféinée;10;-349,102;-202,326;4.03;-1.75;-1.01;2.02;1.17;1.39
COUAN;5;capsule caféinée;10;15,897;-0.6684;1.72;0.79;-0.33;0.86;1.17;1.39
COUAN;5;capsule caféinée;10;-134,583;226,713;2.64;-0.67;1.13;1.32;1.17;1.39
COUAN;5;capsule caféinée;10;125,099;-224,907;2.57;0.63;-1.12;1.29;1.17;1.39
COUAN;5;capsule caféinée;10;0.00903;-0.21678;0.22;0;-0.11;0.11;1.17;1.39
COUAN;6;capsule caféinée;10;15,897;249,294;2.96;0.79;1.25;1.48;1.67;1.39
COUAN;6;capsule caféinée;9;475,104;317,037;5.71;2.38;1.59;2.86;1.67;1.39
COUAN;6;capsule caféinée;10;-29,265;-157,164;3.32;-1.46;-0.79;1.66;1.67;1.39
COUAN;6;capsule caféinée;10;0.91227;-360,393;3.72;0.46;-1.8;1.86;1.67;1.39
COUAN;6;capsule caféinée;10;0.23484;-134,583;1.37;0.12;-0.67;0.68;1.67;1.39
COUAN;6;capsule caféinée;10;294,456;0.12194;2.95;1.47;0.06;1.47;1.67;1.39
COUAN;7;capsule caféinée;10;305,747;-145,873;3.39;1.53;-0.73;1.69;1.88;2.1
COUAN;7;capsule caféinée;9;362,199;305,747;4.74;1.81;1.53;2.37;1.88;2.1
COUAN;7;capsule caféinée;10;15,897;14,768;2.17;0.79;0.74;1.08;1.88;2.1
COUAN;7;capsule caféinée;10;102,518;0.23484;1.05;0.51;0.12;0.53;1.88;2.1
COUAN;7;capsule caféinée;10;-371,683;0.34775;3.73;-1.86;0.17;1.87;1.88;2.1
COUAN;7;capsule caféinée;9;520,266;531,557;7.44;2.6;2.66;3.72;1.88;2.1
COUAN;8;capsule caféinée;9;441,233;407,361;6.01;2.21;2.04;3;2.63;2.1
COUAN;8;capsule caféinée;9;-676,527;-202,326;7.06;-3.38;-1.01;3.53;2.63;2.1
COUAN;8;capsule caféinée;9;-100,711;734,786;7.42;-0.5;3.67;3.71;2.63;2.1
COUAN;8;capsule caféinée;10;-213,616;260,585;3.37;-1.07;1.3;1.68;2.63;2.1
COUAN;8;capsule caféinée;10;125,099;-349,102;3.71;0.63;-1.75;1.85;2.63;2.1
COUAN;8;capsule caféinée;10;-0.32968;-394,264;3.96;-0.16;-1.97;1.98;2.63;2.1
COUAN;9;capsule caféinée;10;-270,069;-0.21678;2.71;-1.35;-0.11;1.35;1.81;2.1
COUAN;9;capsule caféinée;10;-0.21678;0.00903;0.22;-0.11;0;0.11;1.81;2.1
COUAN;9;capsule caféinée;9;-0.55549;-541,041;5.44;-0.28;-2.71;2.72;1.81;2.1
COUAN;9;capsule caféinée;10;136,389;-30,394;3.33;0.68;-1.52;1.67;1.81;2.1
COUAN;9;capsule caféinée;10;-0.6684;-382,974;3.89;-0.33;-1.91;1.94;1.81;2.1
COUAN;9;capsule caféinée;9;0.00903;-608,784;6.09;0;-3.04;3.04;1.81;2.1
COUAN;10;capsule caféinée;10;215,423;192,842;2.89;1.08;0.96;1.45;2.39;2.19
COUAN;10;capsule caféinée;10;-112,002;-281,359;3.03;-0.56;-1.41;1.51;2.39;2.19
COUAN;10;capsule caféinée;9;-337,812;-642,656;7.26;-1.69;-3.21;3.63;2.39;2.19
COUAN;10;capsule caféinée;10;-112,002;-0.6684;1.3;-0.56;-0.33;0.65;2.39;2.19
COUAN;10;capsule caféinée;9;181,551;-439,426;4.75;0.91;-2.2;2.38;2.39;2.19
COUAN;10;capsule caféinée;8;-574,912;-74,427;9.4;-2.87;-3.72;4.7;2.39;2.19
COUAN;11;capsule caféinée;9;-597,494;463,814;7.56;-2.99;2.32;3.78;1.78;2.19
COUAN;11;capsule caféinée;10;102,518;-0.10387;1.03;0.51;-0.05;0.52;1.78;2.19
COUAN;11;capsule caféinée;10;-0.7813;-371,683;3.8;-0.39;-1.86;1.9;1.78;2.19
COUAN;11;capsule caféinée;10;0.46065;0.00903;0.46;0.23;0;0.23;1.78;2.19
COUAN;11;capsule caféinée;10;238,004;170,261;2.93;1.19;0.85;1.46;1.78;2.19
COUAN;11;capsule caféinée;9;554,138;-0.21678;5.55;2.77;-0.11;2.77;1.78;2.19
COUAN;12;capsule caféinée;10;113,808;0.57356;1.27;0.57;0.29;0.64;2.41;2.19
COUAN;12;capsule caféinée;10;-337,812;-0.10387;3.38;-1.69;-0.05;1.69;2.41;2.19
COUAN;12;capsule caféinée;9;-642,656;-394,264;7.54;-3.21;-1.97;3.77;2.41;2.19
COUAN;12;capsule caféinée;10;226,713;-337,812;4.07;1.13;-1.69;2.03;2.41;2.19
COUAN;12;capsule caféinée;10;-202,326;-0.32968;2.05;-1.01;-0.16;1.02;2.41;2.19
COUAN;12;capsule caféinée;8;170,261;-1,049,114;10.63;0.85;-5.25;5.31;2.41;2.19
